Title,Years_of_Experience,Salary,Work Type,Working_Hours,site,Company's_Origin,Date
.NET Developer,2.0,8000.0,Hybird,Full Time,Cairo,Egyptian,2024-02-19
Android Developer,,6000.0,Hybird,Full Time,,Egyptian,2024-02-19
Android Developer,1.0,10000.0,Hybird,Full Time,Cairo,Egyptian,2024-02-19
Devops Engineer,0.0,10000.0,On Site,Full Time,,Egyptian,2024-02-19
Other,1.0,20000.0,On Site,Full Time,Cairo,Egyptian,2024-02-19
Computer vision,1.0,15000.0,Remotley,Full Time,Cairo,Egyptian,2024-02-19
Frontend Developer,0.0,5000.0,On Site,Full Time,,not Egyptian,2024-02-19
Full Stack Developer,0.0,10000.0,Remotley,Full Time,,not Egyptian,2024-02-19
Frontend Developer,4.0,75000.0,Hybird,Full Time,,not Egyptian,2024-02-19
.NET Developer,0.0,6000.0,On Site,Full Time,,Egyptian,2024-02-19
Frontend Developer,1.0,15000.0,Remotley,Full Time,Cairo,Egyptian,2024-02-19
Full Stack Developer,2.0,5000.0,Remotley,Full Time,Cairo,Egyptian,2024-02-19
.NET Developer,1.0,9000.0,Hybird,Full Time,,not Egyptian,2024-02-19
data analyst,1.0,6000.0,On Site,Full Time,,Egyptian,2024-02-19
BI Developer,1.0,10000.0,On Site,Full Time,,Egyptian,2024-02-19
Full Stack Developer,2.0,20000.0,Remotley,Full Time,,not Egyptian,2024-02-19
Full Stack Developer,3.0,21000.0,Hybird,Full Time,Cairo,Egyptian,2024-02-19
.NET Developer,1.0,12000.0,On Site,Full Time,Cairo,Egyptian,2024-02-19
Data Engineer,1.0,18000.0,Hybird,Full Time,Cairo,Egyptian,2024-02-19
Android Developer,2.0,9000.0,Remotley,Full Time,Cairo,Egyptian,2024-02-19
PHP Developer,0.0,8000.0,On Site,Full Time,,Egyptian,2024-02-19
data analyst,3.0,4500.0,On Site,Full Time,Cairo,Egyptian,2024-02-19
iOS Developer,1.0,12000.0,Hybird,Full Time,Cairo,Egyptian,2024-02-19
.NET Developer,1.0,8000.0,On Site,Full Time,,Egyptian,2024-02-19
Data Scientist,0.0,25000.0,On Site,Full Time,,Egyptian,2024-02-19
Frontend Developer,2.0,12000.0,On Site,Full Time,Cairo,not Egyptian,2024-02-19
AI Engineer,6.0,28000.0,Remotley,Part Time,,not Egyptian,2024-02-19
Embedded SW Engineer,2.0,9000.0,On Site,Full Time,Cairo,Egyptian,2024-02-19
Other,2.0,27500.0,Hybird,Full Time,Cairo,not Egyptian,2024-02-19
Frontend Developer,7.0,65000.0,On Site,Full Time,Smart Village,Egyptian,2024-02-19
C++ Developer,2.0,25000.0,Remotley,Full Time,UAE,not Egyptian,2024-02-19
PHP Developer,1.0,7000.0,Hybird,Full Time,,Egyptian,2024-02-19
.NET Developer,0.0,10000.0,Remotley,Full Time,,not Egyptian,2024-02-19
Data Scientist,1.0,16000.0,Hybird,Full Time,Cairo,not Egyptian,2024-02-19
Other,1.0,9200.0,Remotley,Full Time,Cairo,Egyptian,2024-02-19
Full Stack Developer,0.0,6000.0,Remotley,Full Time,,Egyptian,2024-02-19
.NET Developer,3.0,15000.0,Remotley,Full Time,,Egyptian,2024-02-19
Backend Developer,0.0,10000.0,On Site,Full Time,Cairo,Egyptian,2024-02-19
.NET Developer,3.0,12000.0,Remotley,Part Time,,not Egyptian,2024-02-19
Android Developer,4.0,22000.0,Hybird,Full Time,,Egyptian,2024-02-19
Flutter Developer,3.0,10000.0,Hybird,Full Time,,Egyptian,2024-02-19
software testing,3.0,34000.0,Hybird,Full Time,,not Egyptian,2024-02-19
software testing,1.0,5000.0,On Site,Full Time,Cairo,not Egyptian,2024-02-19
.NET Developer,3.0,32000.0,On Site,Full Time,Cairo,Egyptian,2024-02-19
Android Developer,2.0,15000.0,Hybird,Full Time,Cairo,Egyptian,2024-02-19
laravel developer,0.0,8000.0,Remotley,Full Time,Cairo,Egyptian,2024-02-19
Other,1.0,12000.0,On Site,Full Time,Cairo,Egyptian,2024-02-19
Java developer,0.0,8000.0,On Site,Full Time,Cairo,Egyptian,2024-02-19
Java developer,0.0,30000.0,On Site,Full Time,Giza,not Egyptian,2024-02-19
Frontend Developer,1.0,80000.0,On Site,Full Time,,not Egyptian,2024-02-19
Other,1.0,35000.0,Hybird,Full Time,Cairo,Egyptian,2024-02-19
software engineer,2.0,18000.0,Hybird,Full Time,Cairo,not Egyptian,2024-02-19
Frontend Developer,2.0,9000.0,On Site,Full Time,Alexandria,Egyptian,2024-02-19
MERN stack developer,0.0,7000.0,On Site,Full Time,Cairo,Egyptian,2024-02-19
Full Stack Developer,2.0,19600.0,Remotley,Full Time,,not Egyptian,2024-02-19
Frontend Developer,3.0,30000.0,Hybird,Full Time,Cairo,Egyptian,2024-02-20
Full Stack Developer,1.0,15000.0,Hybird,Full Time,Giza,Egyptian,2024-02-20
Backend Developer,2.0,10000.0,Remotley,Full Time,UAE,Egyptian,2024-02-20
.NET Developer,4.0,36000.0,Hybird,Full Time,Cairo,not Egyptian,2024-02-20
Frontend Developer,2.0,8000.0,On Site,Full Time,Alexandria,Egyptian,2024-02-20
Data Engineer,0.0,15000.0,Remotley,Full Time,Cairo,Egyptian,2024-02-20
.NET Developer,2.0,15000.0,Hybird,Full Time,Saudi Arabia,not Egyptian,2024-02-20
Full Stack Developer,3.0,6000.0,Hybird,Full Time,Cairo,Egyptian,2024-02-20
software engineer,0.0,2800.0,Remotley,Part Time,Cairo,Egyptian,2024-02-20
Full Stack Developer,5.0,43000.0,On Site,Full Time,Cairo,Egyptian,2024-02-20
Machine Learning Engineer,2.0,20000.0,On Site,Full Time,Cairo,not Egyptian,2024-02-20
AI Engineer,0.0,13000.0,Hybird,Full Time,,not Egyptian,2024-02-20
Other,0.0,30000.0,Hybird,Full Time,Cairo,not Egyptian,2024-02-20
Frontend Developer,2.0,8000.0,Hybird,Full Time,Cairo,not Egyptian,2024-02-20
software engineer,8.0,60000.0,Hybird,Full Time,Cairo,Egyptian,2024-02-20
Integration developer,0.0,15000.0,Remotley,Full Time,Cairo,not Egyptian,2024-02-20
software testing,1.0,10000.0,Remotley,Full Time,,Egyptian,2024-02-20
Other,1.0,15000.0,Hybird,Full Time,Cairo,Egyptian,2024-02-20
Python Developer,3.0,85000.0,Remotley,Full Time,USA,not Egyptian,2024-02-20
Other,4.0,60000.0,Hybird,Full Time,,not Egyptian,2024-02-20
Frontend Developer,6.0,147000.0,Remotley,Full Time,,not Egyptian,2024-02-20
Other,0.0,45000.0,Remotley,Full Time,,not Egyptian,2024-02-20
Frontend Developer,0.0,145000.0,Remotley,Full Time,Cairo,Egyptian,2024-02-20
Other,2.0,14000.0,Hybird,Full Time,,Egyptian,2024-02-20
Frontend Developer,0.0,14500.0,Remotley,Full Time,Cairo,Egyptian,2024-02-20
Flutter Developer,1.0,9000.0,On Site,Full Time,Alexandria,Egyptian,2024-02-20
data analyst,0.0,0.0,On Site,Full Time,Cairo,Egyptian,2024-02-20
MERN stack developer,3.0,54000.0,Remotley,Full Time,Cairo,not Egyptian,2024-02-20
NodeJS Developer,1.0,14000.0,On Site,Full Time,Giza,not Egyptian,2024-02-20
Data Scientist,0.0,10000.0,Remotley,Full Time,Cairo,Egyptian,2024-02-20
Full Stack Developer,0.0,15000.0,Hybird,Full Time,Cairo,Egyptian,2024-02-20
Other,0.0,8000.0,Hybird,Full Time,Cairo,Egyptian,2024-02-20
Flutter Developer,0.0,4000.0,Remotley,Part Time,,not Egyptian,2024-02-20
Backend Developer,0.0,36000.0,Remotley,Full Time,Saudi Arabia,not Egyptian,2024-02-20
Flutter Developer,1.0,8000.0,Hybird,Full Time,Cairo,Egyptian,2024-02-20
Java developer,0.0,10000.0,On Site,Full Time,Cairo,Egyptian,2024-02-20
Frontend Developer,3.0,29400.0,Remotley,Full Time,,not Egyptian,2024-02-20
data analyst,1.0,12000.0,On Site,Full Time,Cairo,Egyptian,2024-02-20
data analyst,1.0,12000.0,Remotley,Full Time,Saudi Arabia,not Egyptian,2024-02-20
Frontend Developer,2.0,46550.0,Remotley,Full Time,,Egyptian,2024-02-20
Java developer,0.0,16000.0,On Site,Full Time,,not Egyptian,2024-02-20
software engineer,1.0,10000.0,On Site,Full Time,Cairo,Egyptian,2024-02-20
BI Developer,0.0,13500.0,On Site,Full Time,Cairo,Egyptian,2024-02-20
BI Developer,1.0,22000.0,Remotley,Full Time,Cairo,Egyptian,2024-02-20
Machine Learning Engineer,0.0,23000.0,On Site,Full Time,Cairo,Egyptian,2024-02-20
.NET Developer,6.0,56000.0,On Site,Full Time,UAE,not Egyptian,2024-02-20
data analyst,2.0,5000.0,On Site,Full Time,,Egyptian,2024-02-20
.NET Developer,1.0,16000.0,Hybird,Full Time,,not Egyptian,2024-02-20
Backend Developer,1.0,12000.0,On Site,Full Time,Cairo,Egyptian,2024-02-20
Full Stack Developer,1.0,15000.0,Hybird,Full Time,Alexandria,Egyptian,2024-02-20
.NET Developer,0.0,10000.0,On Site,Full Time,Cairo,Egyptian,2024-02-20
Other,0.0,14000.0,Hybird,Full Time,Cairo,not Egyptian,2024-02-20
BI Developer,2.0,10600.0,On Site,Full Time,Alexandria,Egyptian,2024-02-20
.NET Developer,1.0,10000.0,On Site,Full Time,,Egyptian,2024-02-20
PHP Developer,5.0,15000.0,Hybird,Full Time,Cairo,Egyptian,2024-02-20
software engineer,0.0,15000.0,Hybird,Full Time,Cairo,Egyptian,2024-02-20
Backend Developer,5.0,55000.0,Hybird,Full Time,Cairo,not Egyptian,2024-02-20
Devops Engineer,9.0,25000.0,Hybird,Full Time,Cairo,Egyptian,2024-02-20
.NET Developer,0.0,10000.0,Hybird,Full Time,Cairo,Egyptian,2024-02-20
data analyst,3.0,13000.0,On Site,Full Time,Cairo,Egyptian,2024-02-20
iOS Developer,3.0,16000.0,Hybird,Full Time,Saudi Arabia,not Egyptian,2024-02-20
Data Engineer,2.0,15000.0,Hybird,Full Time,Cairo,Egyptian,2024-02-20
software testing,2.0,5000.0,On Site,Full Time,,Egyptian,2024-02-20
.NET Developer,1.0,6000.0,On Site,Full Time,,Egyptian,2024-02-20
Data Engineer,1.0,10000.0,Hybird,Full Time,Cairo,Egyptian,2024-02-20
.NET Developer,2.0,10000.0,On Site,Full Time,,Egyptian,2024-02-20
.NET Developer,1.0,15000.0,Hybird,Full Time,Cairo,not Egyptian,2024-02-20
Java developer,0.0,24000.0,Hybird,Full Time,Cairo,not Egyptian,2024-02-20
Other,1.0,16000.0,Remotley,Full Time,Cairo,not Egyptian,2024-02-20
iOS Developer,0.0,9000.0,Hybird,Full Time,Cairo,Egyptian,2024-02-20
Embedded SW Engineer,0.0,28000.0,On Site,Full Time,Smart Village,not Egyptian,2024-02-20
Full Stack Developer,3.0,25000.0,Remotley,Full Time,Cairo,not Egyptian,2024-02-20
.NET Developer,2.0,20000.0,Hybird,Full Time,Cairo,not Egyptian,2024-02-20
Devops Engineer,0.0,16000.0,Hybird,Full Time,Cairo,not Egyptian,2024-02-20
iOS Developer,3.0,25000.0,Hybird,Full Time,Cairo,Egyptian,2024-02-20
software testing,3.0,20000.0,Hybird,Full Time,Cairo,Egyptian,2024-02-20
Android Developer,1.0,17000.0,Hybird,Full Time,Cairo,Egyptian,2024-02-20
Full Stack Developer,3.0,44100.0,Remotley,Full Time,Saudi Arabia,not Egyptian,2024-02-20
software testing,1.0,9000.0,On Site,Full Time,Cairo,Egyptian,2024-02-20
data analyst,2.0,16500.0,Hybird,Full Time,Cairo,Egyptian,2024-02-20
Full Stack Developer,2.0,31360.0,On Site,Full Time,,not Egyptian,2024-02-20
Android Developer,1.0,34300.0,Remotley,Full Time,,not Egyptian,2024-02-20
Frontend Developer,2.0,3500.0,Remotley,Part Time,Alexandria,Egyptian,2024-02-20
PHP Developer,4.0,14000.0,Remotley,Full Time,UAE,not Egyptian,2024-02-20
BI Developer,2.0,24000.0,Remotley,Full Time,Cairo,Egyptian,2024-02-20
Flutter Developer,0.0,4000.0,On Site,Full Time,Cairo,Egyptian,2024-02-20
Devops Engineer,1.0,17000.0,Hybird,Full Time,Cairo,Egyptian,2024-02-20
Other,3.0,12500.0,On Site,Full Time,Cairo,Egyptian,2024-02-20
Devops Engineer,3.0,47000.0,Hybird,Full Time,Cairo,not Egyptian,2024-02-20
Java developer,2.0,28500.0,Remotley,Full Time,Smart Village,not Egyptian,2024-02-20
Frontend Developer,3.0,23000.0,Hybird,Full Time,Cairo,not Egyptian,2024-02-20
Java developer,0.0,11500.0,On Site,Full Time,Alexandria,Egyptian,2024-02-20
PHP Developer,3.0,30000.0,On Site,Full Time,Cairo,not Egyptian,2024-02-20
Java developer,0.0,12000.0,On Site,Full Time,Cairo,not Egyptian,2024-02-20
Database Administrator,0.0,12000.0,On Site,Full Time,Giza,Egyptian,2024-02-20
Frontend Developer,3.0,60000.0,Remotley,Full Time,Saudi Arabia,not Egyptian,2024-02-20
Computer vision,2.0,16000.0,Remotley,Full Time,,Egyptian,2024-02-20
data analyst,3.0,24000.0,On Site,Full Time,,Egyptian,2024-02-20
.NET Developer,4.0,30000.0,Hybird,Full Time,Saudi Arabia,not Egyptian,2024-02-20
Flutter Developer,2.0,18000.0,Remotley,Full Time,USA,not Egyptian,2024-02-20
software engineer,0.0,25000.0,Remotley,Full Time,Cairo,not Egyptian,2024-02-20
data analyst,0.0,16000.0,On Site,Full Time,Cairo,not Egyptian,2024-02-20
Frontend Developer,0.0,4000.0,Hybird,Part Time,Giza,Egyptian,2024-02-20
Full Stack Developer,1.0,16000.0,Hybird,Full Time,Cairo,not Egyptian,2024-02-20
software engineer,1.0,22700.0,Hybird,Full Time,,not Egyptian,2024-02-20
Full Stack Developer,1.0,10000.0,Hybird,Full Time,,not Egyptian,2024-02-20
Frontend Developer,1.0,15800.0,Hybird,Full Time,Cairo,Egyptian,2024-02-20
Other,0.0,13000.0,Hybird,Full Time,Cairo,Egyptian,2024-02-20
Frontend Developer,2.0,8000.0,On Site,Full Time,Cairo,Egyptian,2024-02-20
iOS Developer,1.0,15000.0,Hybird,Full Time,Cairo,not Egyptian,2024-02-20
Flutter Developer,2.0,12000.0,On Site,Full Time,,Egyptian,2024-02-20
software engineer,2.0,11500.0,On Site,Full Time,Smart Village,Egyptian,2024-02-20
Flutter Developer,4.0,18000.0,On Site,Full Time,,Egyptian,2024-02-20
Machine Learning Engineer,2.0,35000.0,Hybird,Full Time,Cairo,Egyptian,2024-02-20
Flutter Developer,0.0,5800.0,Hybird,Full Time,Alexandria,Egyptian,2024-02-20
Other,6.0,34000.0,Hybird,Full Time,Cairo,Egyptian,2024-02-20
Frontend Developer,4.0,68000.0,Remotley,Full Time,,not Egyptian,2024-02-20
NodeJS Developer,1.0,15000.0,Hybird,Part Time,Cairo,Egyptian,2024-02-20
Flutter Developer,2.0,8000.0,On Site,Full Time,,not Egyptian,2024-02-20
Full Stack Developer,2.0,15000.0,Hybird,Full Time,Cairo,Egyptian,2024-02-20
Frontend Developer,2.0,25000.0,Hybird,Full Time,Cairo,Egyptian,2024-02-20
Flutter Developer,3.0,25000.0,Remotley,Full Time,Saudi Arabia,not Egyptian,2024-02-20
Flutter Developer,2.0,5000.0,Remotley,Part Time,UAE,not Egyptian,2024-02-20
Data Scientist,5.0,20000.0,Remotley,Full Time,UAE,not Egyptian,2024-02-20
Data Engineer,0.0,21000.0,Remotley,Full Time,,Egyptian,2024-02-20
data analyst,3.0,10500.0,On Site,Full Time,,Egyptian,2024-02-20
Frontend Developer,2.0,7000.0,Remotley,Full Time,Cairo,Egyptian,2024-02-20
Data Engineer,2.0,52000.0,Remotley,Full Time,Cairo,not Egyptian,2024-02-20
Full Stack Developer,0.0,10000.0,On Site,Full Time,Giza,Egyptian,2024-02-20
Team leader,6.0,38000.0,Hybird,Full Time,Cairo,not Egyptian,2024-02-20
Other,0.0,14000.0,Hybird,Full Time,,Egyptian,2024-02-20
Frontend Developer,3.0,19000.0,Remotley,Full Time,Cairo,Egyptian,2024-02-20
software engineer,1.0,15000.0,Hybird,Full Time,Cairo,Egyptian,2024-02-20
Frontend Developer,2.0,6000.0,Remotley,Full Time,Cairo,Egyptian,2024-02-20
PHP Developer,0.0,5000.0,Remotley,Full Time,Cairo,Egyptian,2024-02-20
PHP Developer,2.0,25000.0,On Site,Full Time,Cairo,Egyptian,2024-02-20
Frontend Developer,2.0,30000.0,Remotley,Full Time,Saudi Arabia,not Egyptian,2024-02-20
Backend Developer,1.0,6000.0,Remotley,Part Time,Saudi Arabia,not Egyptian,2024-02-21
Flutter Developer,0.0,9000.0,Hybird,Full Time,Cairo,Egyptian,2024-02-21
software engineer,2.0,15000.0,Hybird,Full Time,Giza,Egyptian,2024-02-21
.NET Developer,0.0,6000.0,Hybird,Full Time,Cairo,Egyptian,2024-02-21
.NET Developer,1.0,6000.0,On Site,Full Time,Cairo,Egyptian,2024-02-21
software engineer,2.0,19000.0,Hybird,Full Time,Cairo,not Egyptian,2024-02-21
PHP Developer,4.0,20000.0,On Site,Full Time,Cairo,Egyptian,2024-02-21
Devops Engineer,2.0,15000.0,Remotley,Full Time,Cairo,Egyptian,2024-02-21
Frontend Developer,1.0,6000.0,On Site,Full Time,,not Egyptian,2024-02-21
software engineer,1.0,10000.0,On Site,Full Time,Cairo,not Egyptian,2024-02-21
software engineer,1.0,10000.0,On Site,Full Time,Cairo,not Egyptian,2024-02-21
software engineer,1.0,10000.0,On Site,Full Time,Cairo,not Egyptian,2024-02-21
software engineer,2.0,16000.0,Hybird,Full Time,Cairo,not Egyptian,2024-02-21
software engineer,2.0,20000.0,Hybird,Full Time,Cairo,not Egyptian,2024-02-21
software engineer,2.0,20000.0,Hybird,Full Time,Cairo,not Egyptian,2024-02-21
software engineer,3.0,29000.0,On Site,Full Time,Cairo,Egyptian,2024-02-21
Backend Developer,4.0,117600.0,Remotley,Full Time,Saudi Arabia,not Egyptian,2024-02-21
Full Stack Developer,0.0,15000.0,Hybird,Full Time,Cairo,Egyptian,2024-02-22
Frontend Developer,3.0,18000.0,On Site,Full Time,Giza,Egyptian,2024-02-22
NodeJS Developer,0.0,9000.0,On Site,Full Time,,Egyptian,2024-02-22
Django developer,0.0,15000.0,Hybird,Full Time,,Egyptian,2024-02-22
Frontend Developer,1.0,10000.0,Remotley,Full Time,Cairo,Egyptian,2024-02-22
Full Stack Developer,3.0,15300.0,Hybird,Full Time,,not Egyptian,2024-02-22
.NET Developer,2.0,12000.0,On Site,Full Time,,Egyptian,2024-02-22
data analyst,2.0,14000.0,On Site,Full Time,Cairo,not Egyptian,2024-02-22
Backend Developer,1.0,0.0,On Site,Full Time,,Egyptian,2024-02-22
Frontend Developer,4.0,30000.0,Remotley,Full Time,,Egyptian,2024-02-22
Data Engineer,1.0,11000.0,Hybird,Full Time,,Egyptian,2024-02-22
Backend Developer,3.0,50000.0,On Site,Full Time,Cairo,Egyptian,2024-02-22
Other,0.0,8000.0,On Site,Full Time,Cairo,Egyptian,2024-02-22
Other,3.0,40000.0,Remotley,Full Time,UAE,not Egyptian,2024-02-22
Full Stack Developer,2.0,11000.0,On Site,Full Time,Cairo,Egyptian,2024-02-22
Other,2.0,7200.0,On Site,Full Time,Cairo,not Egyptian,2024-02-22
software testing,0.0,8000.0,On Site,Full Time,,Egyptian,2024-02-22
Backend Developer,2.0,16000.0,Remotley,Full Time,,not Egyptian,2024-02-22
Android Developer,1.0,7000.0,Remotley,Part Time,Cairo,Egyptian,2024-02-22
NodeJS Developer,2.0,85000.0,On Site,Full Time,,Egyptian,2024-02-22
PHP Developer,1.0,16000.0,Hybird,Full Time,Alexandria,not Egyptian,2024-02-22
Other,0.0,5000.0,Hybird,Full Time,Giza,Egyptian,2024-02-22
.NET Developer,2.0,30000.0,Hybird,Full Time,,Egyptian,2024-02-22
software testing,1.0,18500.0,Hybird,Full Time,Cairo,Egyptian,2024-02-22
.NET Developer,5.0,1000.0,Remotley,Full Time,Saudi Arabia,not Egyptian,2024-02-22
Data Engineer,3.0,48000.0,Hybird,Full Time,Cairo,not Egyptian,2024-02-22
Python Developer,3.0,30000.0,Hybird,Full Time,Cairo,Egyptian,2024-02-22
Full Stack Developer,6.0,2000.0,Hybird,Full Time,,not Egyptian,2024-02-22
Flutter Developer,1.0,6000.0,On Site,Full Time,,Egyptian,2024-02-22
Android Developer,4.0,171500.0,Remotley,Full Time,Cairo,not Egyptian,2024-02-22
.NET Developer,2.0,24000.0,Hybird,Full Time,Cairo,Egyptian,2024-02-22
data analyst,3.0,15000.0,Remotley,Part Time,Cairo,Egyptian,2024-02-22
iOS Developer,3.0,35000.0,Remotley,Full Time,Cairo,Egyptian,2024-02-22
Backend Developer,1.0,30000.0,Hybird,Full Time,Cairo,Egyptian,2024-02-22
Other,6.0,12000.0,On Site,Full Time,Cairo,Egyptian,2024-02-22
Other,0.0,15000.0,Hybird,Full Time,Cairo,not Egyptian,2024-02-22
Full Stack Developer,2.0,15000.0,Remotley,Part Time,Cairo,Egyptian,2024-02-22
.NET Developer,8.0,130000.0,Remotley,Full Time,,not Egyptian,2024-02-22
PHP Developer,4.0,27000.0,Hybird,Full Time,Cairo,Egyptian,2024-02-22
data analyst,3.0,18000.0,Hybird,Full Time,Cairo,not Egyptian,2024-02-22
Network Engineer,5.0,10000.0,Hybird,Full Time,Cairo,Egyptian,2024-02-22
software testing,1.0,18620.0,Hybird,Full Time,Cairo,not Egyptian,2024-02-22
UI/UX designer,3.0,5600.0,Hybird,Full Time,,Egyptian,2024-02-22
Other,2.0,14000.0,On Site,Full Time,Cairo,Egyptian,2024-02-22
Other,14.0,15000.0,On Site,Full Time,Alexandria,Egyptian,2024-02-22
Full Stack Developer,2.0,33000.0,Hybird,Full Time,Cairo,Egyptian,2024-02-22
Backend Developer,0.0,5000.0,Hybird,Full Time,,Egyptian,2024-02-22
Solution Architect,1.0,6000.0,Hybird,Full Time,Cairo,,2024-02-22
Other,2.0,9750.0,On Site,Full Time,Cairo,,2024-02-22
Devops Engineer,2.0,40000.0,Hybird,Full Time,Cairo,,2024-02-22
BI Developer,0.0,4000.0,Hybird,Full Time,Cairo,,2024-02-22
software testing,1.0,5500.0,Remotley,Full Time,Cairo,,2024-02-22
Other,2.0,26950.0,Hybird,Full Time,Cairo,,2024-02-22
Java developer,0.0,20000.0,Hybird,Full Time,Cairo,Egyptian,2024-02-22
Frontend Developer,3.0,73500.0,Remotley,Full Time,Saudi Arabia,not Egyptian,2024-02-22
Full Stack Developer,0.0,5000.0,Remotley,Part Time,,Egyptian,2024-02-22
Other,2.0,13000.0,On Site,Full Time,Cairo,not Egyptian,2024-02-22
Full Stack Developer,3.0,15000.0,Remotley,Full Time,,Egyptian,2024-02-22
Other,1.0,10000.0,On Site,Full Time,Cairo,Egyptian,2024-02-22
software engineer,6.0,25000.0,Hybird,Full Time,Cairo,Egyptian,2024-02-22
Machine Learning Engineer,1.0,8000.0,On Site,Full Time,Cairo,Egyptian,2024-02-22
AI Engineer,1.0,60000.0,Remotley,Full Time,,Egyptian,2024-02-22
data analyst,7.0,207000.0,On Site,Full Time,Cairo,Egyptian,2024-02-22
Other,3.0,10000.0,On Site,Full Time,Cairo,Egyptian,2024-02-22
software testing,0.0,26500.0,Hybird,Full Time,Cairo,not Egyptian,2024-02-22
software testing,2.0,35000.0,Hybird,Full Time,Giza,not Egyptian,2024-02-22
GIS developer,0.0,41650.0,On Site,Full Time,Giza,not Egyptian,2024-02-22
Other,7.0,10000.0,On Site,Full Time,,Egyptian,2024-02-22
Flutter Developer,0.0,7000.0,On Site,Full Time,Giza,Egyptian,2024-02-22
Other,3.0,5000.0,On Site,Full Time,Cairo,Egyptian,2024-02-22
Network Engineer,3.0,10850.0,Hybird,Full Time,,not Egyptian,2024-02-22
Full Stack Developer,7.0,20000.0,On Site,Full Time,Cairo,Egyptian,2024-02-22
Other,5.0,40000.0,Remotley,Full Time,Cairo,not Egyptian,2024-02-22
software engineer,2.0,44000.0,Remotley,Full Time,,not Egyptian,2024-02-22
Solution Architect,11.0,250000.0,Remotley,Part Time,Cairo,Egyptian,2024-02-22
Frontend Developer,2.0,10000.0,On Site,Full Time,Cairo,Egyptian,2024-02-22
Solution Architect,6.0,25000.0,On Site,Full Time,Cairo,Egyptian,2024-02-22
Full Stack Developer,2.0,5000.0,On Site,Full Time,Cairo,Egyptian,2024-02-22
Machine Learning Engineer,1.0,49000.0,Remotley,Full Time,Cairo,Egyptian,2024-02-22
Other,2.0,68600.0,Remotley,Full Time,UAE,not Egyptian,2024-02-22
.NET Developer,0.0,10000.0,On Site,Full Time,Cairo,Egyptian,2024-02-22
UI/UX designer,3.0,18000.0,Remotley,Full Time,Saudi Arabia,not Egyptian,2024-02-22
Machine Learning Engineer,4.0,147000.0,Hybird,Full Time,Saudi Arabia,not Egyptian,2024-02-22
Odoo Developer,5.0,21000.0,On Site,Full Time,Cairo,Egyptian,2024-02-22
Other,10.0,19000.0,Remotley,Full Time,Cairo,Egyptian,2024-02-22
Frontend Developer,2.0,10000.0,Remotley,Part Time,Cairo,Egyptian,2024-02-22
.NET Developer,1.0,13000.0,Remotley,Full Time,Cairo,Egyptian,2024-02-22
Frontend Developer,1.0,4000.0,On Site,Full Time,,Egyptian,2024-02-22
Other,2.0,6600.0,On Site,Full Time,,not Egyptian,2024-02-22
PHP Developer,1.0,19000.0,Remotley,Part Time,,not Egyptian,2024-02-22
NodeJS Developer,4.0,82000.0,Remotley,Full Time,Saudi Arabia,not Egyptian,2024-02-22
Network Engineer,0.0,10000.0,On Site,Full Time,,Egyptian,2024-02-22
Frontend Developer,0.0,9000.0,Hybird,Full Time,Cairo,Egyptian,2024-02-22
Network Engineer,0.0,10000.0,Remotley,Full Time,Cairo,Egyptian,2024-02-22
software engineer,3.0,60000.0,Hybird,Full Time,Cairo,not Egyptian,2024-02-22
PHP Developer,3.0,24500.0,Remotley,Part Time,UAE,not Egyptian,2024-02-22
Other,3.0,20000.0,On Site,Full Time,,Egyptian,2024-02-22
Other,3.0,47000.0,Hybird,Full Time,Saudi Arabia,Egyptian,2024-02-22
software engineer,4.0,25000.0,Hybird,Full Time,Alexandria,Egyptian,2024-02-22
Frontend Developer,3.0,88200.0,Remotley,Full Time,,not Egyptian,2024-02-22
Team leader,11.0,100000.0,Remotley,Full Time,Cairo,not Egyptian,2024-02-22
Frontend Developer,5.0,122500.0,Remotley,Full Time,Saudi Arabia,Egyptian,2024-02-22
software engineer,0.0,51000.0,Hybird,Full Time,,not Egyptian,2024-02-22
IT support,3.0,15000.0,On Site,Full Time,Saudi Arabia,Egyptian,2024-02-22
Technical office engineer,8.0,5000.0,On Site,Full Time,,Egyptian,2024-02-22
Frontend Developer,2.0,8000.0,On Site,Full Time,Alexandria,not Egyptian,2024-02-22
Android Developer,5.0,50000.0,Hybird,Full Time,Cairo,Egyptian,2024-02-22
Network Engineer,5.0,30000.0,Hybird,Full Time,Cairo,Egyptian,2024-02-22
Devops Engineer,0.0,27900.0,Remotley,Full Time,,Egyptian,2024-02-22
Backend Developer,1.0,12500.0,Remotley,Full Time,Cairo,Egyptian,2024-02-22
Backend Developer,0.0,18000.0,Hybird,Full Time,Cairo,Egyptian,2024-02-22
Backend Developer,7.0,114000.0,Remotley,Full Time,,not Egyptian,2024-02-22
Team leader,4.0,13000.0,On Site,Full Time,Cairo,not Egyptian,2024-02-22
software testing,2.0,20000.0,Hybird,Full Time,Cairo,Egyptian,2024-02-22
Other,4.0,195000.0,On Site,Full Time,UAE,not Egyptian,2024-02-22
Other,3.0,35000.0,Remotley,Full Time,Cairo,not Egyptian,2024-02-22
Technical office engineer,8.0,8000.0,On Site,Full Time,Cairo,Egyptian,2024-02-22
Android Developer,4.0,63700.0,Hybird,Full Time,Saudi Arabia,not Egyptian,2024-02-22
software engineer,0.0,9000.0,On Site,Full Time,,not Egyptian,2024-02-22
Android Developer,3.0,16000.0,Hybird,Full Time,Alexandria,Egyptian,2024-02-22
RPA Developer,0.0,12000.0,Remotley,Full Time,Cairo,Egyptian,2024-02-22
Frontend Developer,1.0,9000.0,Remotley,Full Time,Saudi Arabia,Egyptian,2024-02-22
Machine Learning Engineer,0.0,27000.0,Hybird,Full Time,Cairo,not Egyptian,2024-02-22
Other,9.0,24000.0,On Site,Full Time,Cairo,not Egyptian,2024-02-22
software engineer,1.0,15000.0,Remotley,Full Time,Cairo,Egyptian,2024-02-22
Frontend Developer,3.0,40000.0,Hybird,Full Time,Cairo,Egyptian,2024-02-22
IT support,3.0,13000.0,On Site,Full Time,,Egyptian,2024-02-22
Full Stack Developer,0.0,5000.0,On Site,Full Time,,Egyptian,2024-02-22
Frontend Developer,0.0,15000.0,Remotley,Full Time,USA,not Egyptian,2024-02-22
Full Stack Developer,6.0,60000.0,Hybird,Full Time,Cairo,Egyptian,2024-02-22
Data Engineer,1.0,21000.0,Hybird,Full Time,Cairo,Egyptian,2024-02-22
Frontend Developer,0.0,8000.0,On Site,Full Time,Cairo,Egyptian,2024-02-22
Frontend Developer,1.0,23000.0,Hybird,Full Time,Cairo,not Egyptian,2024-02-22
Frontend Developer,3.0,7000.0,On Site,Full Time,Cairo,not Egyptian,2024-02-22
PHP Developer,2.0,10000.0,On Site,Full Time,Cairo,Egyptian,2024-02-22
Other,6.0,13000.0,On Site,Full Time,Cairo,Egyptian,2024-02-22
software testing,4.0,32000.0,Remotley,Full Time,Cairo,not Egyptian,2024-02-22
Frontend Developer,3.0,25000.0,Hybird,Full Time,Cairo,Egyptian,2024-02-22
Flutter Developer,1.0,13000.0,Hybird,Full Time,Cairo,Egyptian,2024-02-22
Other,12.0,40000.0,On Site,Full Time,Cairo,Egyptian,2024-02-22
Other,10.0,300000.0,Remotley,Full Time,,not Egyptian,2024-02-22
Other,4.0,5000.0,Hybird,Full Time,Cairo,Egyptian,2024-02-22
Other,5.0,88000.0,Remotley,Full Time,Cairo,not Egyptian,2024-02-22
Database Administrator,2.0,46000.0,Hybird,Full Time,,Egyptian,2024-02-22
Data Engineer,1.0,12000.0,Hybird,Full Time,Alexandria,Egyptian,2024-02-22
Other,2.0,10000.0,Remotley,Part Time,Cairo,Egyptian,2024-02-22
Other,24.0,30000.0,On Site,Full Time,Cairo,Egyptian,2024-02-22
Data Scientist,1.0,22000.0,Hybird,Full Time,Cairo,Egyptian,2024-02-22
PHP Developer,15.0,4500.0,On Site,Full Time,Giza,Egyptian,2024-02-22
Android Developer,5.0,29400.0,On Site,Full Time,Cairo,not Egyptian,2024-02-22
Other,4.0,35000.0,Hybird,Full Time,Cairo,Egyptian,2024-02-22
BI Developer,2.0,19600.0,Hybird,Full Time,Cairo,Egyptian,2024-02-22
Other,3.0,18000.0,Hybird,Full Time,Cairo,Egyptian,2024-02-22
BI Developer,1.0,34300.0,Remotley,Full Time,,not Egyptian,2024-02-22
AI Engineer,0.0,6000.0,Hybird,Full Time,Cairo,Egyptian,2024-02-22
PHP Developer,4.0,3000.0,On Site,Full Time,Cairo,not Egyptian,2024-02-22
software engineer,3.0,156800.0,Remotley,Full Time,,not Egyptian,2024-02-22
Frontend Developer,3.0,16500.0,On Site,Full Time,Alexandria,Egyptian,2024-02-22
GIS developer,5.0,15800.0,On Site,Full Time,Giza,Egyptian,2024-02-22
System Administrator,0.0,16000.0,Hybird,Full Time,Cairo,not Egyptian,2024-02-22
iOS Developer,3.0,39000.0,Hybird,Full Time,Cairo,Egyptian,2024-02-22
Full Stack Developer,4.0,159000.0,Remotley,Full Time,,not Egyptian,2024-02-22
Backend Developer,2.0,14000.0,Hybird,Full Time,Cairo,Egyptian,2024-02-22
Flutter Developer,1.0,10000.0,On Site,Full Time,Alexandria,Egyptian,2024-02-22
.NET Developer,3.0,16000.0,Remotley,Full Time,Cairo,not Egyptian,2024-02-22
Flutter Developer,1.0,12000.0,Remotley,Full Time,Saudi Arabia,not Egyptian,2024-02-23
UI/UX designer,1.0,8000.0,Hybird,Full Time,,Egyptian,2024-02-23
Frontend Developer,3.0,70000.0,Remotley,Part Time,,not Egyptian,2024-02-23
Frontend Developer,3.0,20000.0,Remotley,Full Time,Cairo,Egyptian,2024-02-23
Other,3.0,20000.0,On Site,Full Time,,not Egyptian,2024-02-23
Other,7.0,47000.0,On Site,Full Time,Cairo,Egyptian,2024-02-23
BI Developer,3.0,15000.0,Hybird,Full Time,Cairo,Egyptian,2024-02-23
Data Engineer,2.0,23000.0,Hybird,Full Time,Cairo,Egyptian,2024-02-23
Frontend Developer,1.0,8000.0,Hybird,Full Time,,Egyptian,2024-02-23
Java developer,1.0,20000.0,Hybird,Full Time,Cairo,Egyptian,2024-02-23
PHP Developer,1.0,6000.0,Remotley,Full Time,Cairo,Egyptian,2024-02-23
Other,18.0,170000.0,Hybird,Full Time,Cairo,not Egyptian,2024-02-23
iOS Developer,3.0,50000.0,Hybird,Full Time,,Egyptian,2024-02-23
Other,1.0,18000.0,Remotley,Part Time,,Egyptian,2024-02-23
software engineer,0.0,49000.0,Remotley,Full Time,Saudi Arabia,not Egyptian,2024-02-23
software engineer,2.0,58000.0,Remotley,Full Time,Cairo,Egyptian,2024-02-23
Full Stack Developer,1.0,12000.0,Remotley,Full Time,Cairo,not Egyptian,2024-02-23
data analyst,1.0,15000.0,Hybird,Full Time,Cairo,Egyptian,2024-02-23
Other,4.0,15000.0,On Site,Full Time,Cairo,Egyptian,2024-02-23
Other,3.0,9000.0,On Site,Full Time,Cairo,Egyptian,2024-02-23
Backend Developer,16.0,160000.0,On Site,Full Time,Cairo,Egyptian,2024-02-23
software engineer,5.0,113000.0,Remotley,Full Time,Cairo,Egyptian,2024-02-23
Product manager,1.0,45000.0,Hybird,Full Time,Cairo,not Egyptian,2024-02-23
Frontend Developer,0.0,8000.0,Remotley,Full Time,,Egyptian,2024-02-23
Other,2.0,11500.0,On Site,Full Time,Cairo,not Egyptian,2024-02-23
Full Stack Developer,1.0,20000.0,Hybird,Full Time,Cairo,Egyptian,2024-02-23
software testing,4.0,61250.0,Remotley,Full Time,Cairo,not Egyptian,2024-02-23
Machine Learning Engineer,1.0,12000.0,Remotley,Full Time,Cairo,Egyptian,2024-02-23
Other,11.0,60000.0,Hybird,Full Time,Cairo,Egyptian,2024-02-23
Full Stack Developer,4.0,30000.0,Hybird,Full Time,Cairo,not Egyptian,2024-02-23
Frontend Developer,2.0,98000.0,Remotley,Full Time,UAE,not Egyptian,2024-02-23
Other,6.0,10000.0,On Site,Full Time,Cairo,Egyptian,2024-02-23
.NET Developer,4.0,58800.0,Remotley,Full Time,Saudi Arabia,not Egyptian,2024-02-23
.NET Developer,4.0,49000.0,Remotley,Full Time,USA,not Egyptian,2024-02-23
Devops Engineer,7.0,80000.0,Hybird,Full Time,,Egyptian,2024-02-23
software engineer,1.0,44000.0,Hybird,Full Time,Alexandria,Egyptian,2024-02-23
SAP Developer,4.0,68600.0,Remotley,Full Time,,not Egyptian,2024-02-23
AI Engineer,3.0,20000.0,On Site,Full Time,,Egyptian,2024-02-23
Frontend Developer,2.0,39200.0,Remotley,Full Time,,not Egyptian,2024-02-23
data analyst,0.0,8000.0,On Site,Full Time,Cairo,Egyptian,2024-02-23
IT support,3.0,3000.0,On Site,Full Time,,Egyptian,2024-02-23
.NET Developer,4.0,45000.0,Hybird,Full Time,Cairo,Egyptian,2024-02-23
Other,5.0,5000.0,On Site,Full Time,Cairo,Egyptian,2024-02-23
Other,3.0,8000.0,On Site,Full Time,Cairo,Egyptian,2024-02-23
Other,6.0,23000.0,On Site,Full Time,Cairo,Egyptian,2024-02-23
Android Developer,2.0,16000.0,Remotley,Full Time,Cairo,Egyptian,2024-02-23
.NET Developer,3.0,39000.0,Hybird,Full Time,,Egyptian,2024-02-23
Other,1.0,6000.0,Hybird,Full Time,Alexandria,Egyptian,2024-02-23
software engineer,3.0,307800.0,On Site,Full Time,Saudi Arabia,not Egyptian,2024-02-23
IT support,5.0,40000.0,Hybird,Full Time,Cairo,Egyptian,2024-02-23
Other,3.0,16000.0,Hybird,Full Time,Cairo,Egyptian,2024-02-23
Data Engineer,4.0,264600.0,Remotley,Full Time,,not Egyptian,2024-02-23
Data Scientist,2.0,26000.0,Hybird,Full Time,Cairo,Egyptian,2024-02-23
Full Stack Developer,5.0,13000.0,Hybird,Full Time,Cairo,Egyptian,2024-02-23
Full Stack Developer,5.0,13000.0,Hybird,Full Time,Cairo,Egyptian,2024-02-23
Solution Architect,3.0,20000.0,On Site,Full Time,Cairo,not Egyptian,2024-02-23
Full Stack Developer,2.0,39300.0,Hybird,Full Time,Cairo,not Egyptian,2024-02-23
Java developer,0.0,14000.0,Hybird,Full Time,Cairo,Egyptian,2024-02-23
Other,6.0,10000.0,On Site,Full Time,,Egyptian,2024-02-23
Java developer,0.0,13000.0,On Site,Full Time,,not Egyptian,2024-02-23
Odoo Developer,0.0,15000.0,Hybird,Full Time,Cairo,Egyptian,2024-02-23
Machine Learning Engineer,1.0,20000.0,Hybird,Full Time,,not Egyptian,2024-02-23
Other,15.0,20000.0,Hybird,Full Time,,Egyptian,2024-02-23
Systems engineer,0.0,12000.0,On Site,Full Time,,Egyptian,2024-02-23
Other,8.0,44000.0,Hybird,Full Time,Cairo,Egyptian,2024-02-23
Backend Developer,1.0,16000.0,Hybird,Full Time,Cairo,Egyptian,2024-02-23
Android Developer,4.0,16000.0,Hybird,Full Time,Cairo,Egyptian,2024-02-23
Java developer,1.0,14000.0,Hybird,Full Time,Cairo,Egyptian,2024-02-23
software engineer,9.0,75000.0,On Site,Full Time,Cairo,Egyptian,2024-02-23
Other,2.0,22000.0,Hybird,Full Time,Cairo,not Egyptian,2024-02-23
Other,3.0,98000.0,Hybird,Full Time,Cairo,Egyptian,2024-02-23
Android Developer,2.0,20000.0,Hybird,Full Time,Giza,Egyptian,2024-02-23
Java developer,4.0,32000.0,Hybird,Full Time,,not Egyptian,2024-02-23
software engineer,2.0,15000.0,Hybird,Full Time,Cairo,Egyptian,2024-02-23
software engineer,3.0,65000.0,Remotley,Full Time,USA,not Egyptian,2024-02-23
Other,3.0,11000.0,On Site,Full Time,Cairo,Egyptian,2024-02-23
Android Developer,4.0,60000.0,Hybird,Full Time,Cairo,Egyptian,2024-02-23
Backend Developer,1.0,7000.0,On Site,Full Time,Cairo,Egyptian,2024-02-23
PHP Developer,4.0,45000.0,Remotley,Full Time,Cairo,Egyptian,2024-02-23
PHP Developer,2.0,8000.0,Remotley,Full Time,,not Egyptian,2024-02-23
Frontend Developer,7.0,196000.0,Remotley,Full Time,,not Egyptian,2024-02-23
software engineer,3.0,25000.0,Hybird,Full Time,Cairo,Egyptian,2024-02-23
Other,3.0,15000.0,Hybird,Full Time,Cairo,Egyptian,2024-02-23
Android Developer,2.0,13400.0,Remotley,Full Time,Cairo,not Egyptian,2024-02-23
Other,2.0,12000.0,Remotley,Full Time,Cairo,Egyptian,2024-02-23
Backend Developer,0.0,25000.0,On Site,Full Time,Cairo,Egyptian,2024-02-23
Other,1.0,6000.0,On Site,Full Time,Cairo,Egyptian,2024-02-23
software engineer,3.0,27000.0,Remotley,Full Time,Alexandria,Egyptian,2024-02-23
Performance Analyst,1.0,18000.0,On Site,Full Time,Cairo,Egyptian,2024-02-23
.NET Developer,0.0,10000.0,Hybird,Full Time,Cairo,Egyptian,2024-02-23
Other,1.0,15000.0,On Site,Full Time,Giza,Egyptian,2024-02-23
Machine Learning Engineer,0.0,49000.0,Remotley,Part Time,UAE,not Egyptian,2024-02-23
software engineer,1.0,15000.0,Hybird,Full Time,Cairo,Egyptian,2024-02-23
.NET Developer,4.0,30000.0,On Site,Full Time,Cairo,Egyptian,2024-02-23
Other,5.0,8000.0,Hybird,Full Time,Cairo,Egyptian,2024-02-23
iOS Developer,4.0,31000.0,On Site,Full Time,Cairo,Egyptian,2024-02-23
Python Developer,2.0,22000.0,Hybird,Full Time,Cairo,Egyptian,2024-02-23
Other,1.0,6000.0,On Site,Full Time,Cairo,Egyptian,2024-02-23
Other,0.0,26000.0,Hybird,Full Time,Smart Village,not Egyptian,2024-02-23
Full Stack Developer,1.0,7000.0,Hybird,Full Time,Giza,Egyptian,2024-02-23
Frontend Developer,1.0,8000.0,On Site,Full Time,Cairo,Egyptian,2024-02-23
.NET Developer,3.0,10000.0,Remotley,Full Time,Saudi Arabia,not Egyptian,2024-02-23
iOS Developer,5.0,38000.0,Hybird,Full Time,Cairo,Egyptian,2024-02-23
UI/UX designer,1.0,2000.0,On Site,Full Time,,Egyptian,2024-02-23
software engineer,4.0,30000.0,Remotley,Full Time,UAE,not Egyptian,2024-02-23
Other,1.0,8000.0,On Site,Full Time,Giza,Egyptian,2024-02-23
data analyst,2.0,15000.0,Remotley,Full Time,Cairo,not Egyptian,2024-02-23
software engineer,2.0,41650.0,Hybird,Full Time,Giza,not Egyptian,2024-02-23
software testing,5.0,31000.0,Remotley,Full Time,,not Egyptian,2024-02-23
Frontend Developer,1.0,5000.0,On Site,Full Time,,Egyptian,2024-02-23
Frontend Developer,4.0,18000.0,Hybird,Full Time,,Egyptian,2024-02-23
Flutter Developer,1.0,7000.0,On Site,Full Time,,not Egyptian,2024-02-23
Other,1.0,8000.0,Hybird,Full Time,Cairo,Egyptian,2024-02-23
Other,1.0,6500.0,On Site,Full Time,Cairo,Egyptian,2024-02-23
Data Engineer,2.0,58000.0,Hybird,Full Time,Cairo,not Egyptian,2024-02-23
PHP Developer,3.0,20000.0,Remotley,Full Time,Cairo,not Egyptian,2024-02-23
Frontend Developer,8.0,156800.0,Remotley,Full Time,,not Egyptian,2024-02-23
software quality control engineer,2.0,6000.0,On Site,Full Time,Cairo,Egyptian,2024-02-23
Frontend Developer,4.0,156800.0,Remotley,Full Time,,not Egyptian,2024-02-23
Frontend Developer,4.0,37000.0,Hybird,Full Time,Cairo,not Egyptian,2024-02-23
Full Stack Developer,0.0,8000.0,On Site,Full Time,,Egyptian,2024-02-23
Data Scientist,1.0,30000.0,Hybird,Full Time,Cairo,Egyptian,2024-02-23
Other,1.0,17600.0,Hybird,Full Time,Cairo,Egyptian,2024-02-23
Other,3.0,35000.0,On Site,Full Time,Cairo,Egyptian,2024-02-23
BI Developer,10.0,122500.0,Hybird,Full Time,Cairo,not Egyptian,2024-02-23
Other,9.0,35000.0,On Site,Full Time,Saudi Arabia,Egyptian,2024-02-23
data analyst,1.0,36750.0,Hybird,Full Time,Cairo,Egyptian,2024-02-23
Full Stack Developer,1.0,7000.0,On Site,Full Time,Cairo,Egyptian,2024-02-23
software engineer,1.0,12000.0,On Site,Full Time,Cairo,Egyptian,2024-02-23
Backend Developer,4.0,20000.0,Hybird,Full Time,Cairo,not Egyptian,2024-02-23
.NET Developer,7.0,53050.0,Hybird,Full Time,Cairo,Egyptian,2024-02-23
Data Scientist,2.0,18000.0,On Site,Full Time,Cairo,not Egyptian,2024-02-23
Data Engineer,2.0,27000.0,Hybird,Full Time,Giza,not Egyptian,2024-02-23
software quality control engineer,7.0,69000.0,Hybird,Full Time,,Egyptian,2024-02-23
Full Stack Developer,0.0,11000.0,On Site,Full Time,Cairo,Egyptian,2024-02-23
software engineer,3.0,50000.0,Hybird,Full Time,Cairo,not Egyptian,2024-02-23
Full Stack Developer,2.0,25000.0,Hybird,Full Time,Cairo,Egyptian,2024-02-23
Java developer,4.0,40000.0,Remotley,Full Time,Cairo,Egyptian,2024-02-23
Javascript developer,1.0,24000.0,On Site,Full Time,Cairo,not Egyptian,2024-02-23
Machine Learning Engineer,4.0,4000.0,Remotley,Full Time,,not Egyptian,2024-02-23
software testing,1.0,15000.0,Hybird,Full Time,Cairo,Egyptian,2024-02-23
NodeJS Developer,1.0,7000.0,Hybird,Full Time,Cairo,Egyptian,2024-02-23
Other,10.0,61000.0,On Site,Full Time,Cairo,Egyptian,2024-02-23
data analyst,4.0,35000.0,On Site,Full Time,Cairo,not Egyptian,2024-02-23
Other,1.0,9500.0,On Site,Full Time,Cairo,Egyptian,2024-02-23
.NET Developer,1.0,15000.0,On Site,Full Time,Cairo,Egyptian,2024-02-23
Machine Learning Engineer,4.0,196000.0,Remotley,Full Time,USA,not Egyptian,2024-02-23
Full Stack Developer,3.0,122000.0,Hybird,Full Time,,not Egyptian,2024-02-23
Other,1.0,28000.0,Remotley,Full Time,Cairo,not Egyptian,2024-02-23
PHP Developer,1.0,6000.0,On Site,Full Time,Alexandria,Egyptian,2024-02-23
BI Developer,0.0,14000.0,On Site,Full Time,Cairo,Egyptian,2024-02-23
Frontend Developer,2.0,10000.0,On Site,Full Time,Giza,Egyptian,2024-02-23
Full Stack Developer,2.0,147000.0,Hybird,Full Time,Cairo,not Egyptian,2024-02-23
Other,19.0,40000.0,Hybird,Full Time,Alexandria,Egyptian,2024-02-23
Backend Developer,2.0,20000.0,On Site,Full Time,,Egyptian,2024-02-23
Frontend Developer,4.0,73500.0,Hybird,Full Time,,not Egyptian,2024-02-23
Frontend Developer,0.0,14700.0,On Site,Full Time,,Egyptian,2024-02-23
Other,3.0,24500.0,On Site,Full Time,Cairo,Egyptian,2024-02-23
software engineer,4.0,20000.0,On Site,Full Time,Cairo,Egyptian,2024-02-23
software testing,2.0,32000.0,Hybird,Full Time,Cairo,not Egyptian,2024-02-23
Frontend Developer,3.0,6000.0,On Site,Part Time,Alexandria,Egyptian,2024-02-23
PHP Developer,0.0,6000.0,On Site,Full Time,,Egyptian,2024-02-23
Other,20.0,42000.0,On Site,Full Time,Cairo,Egyptian,2024-02-23
Full Stack Developer,1.0,17000.0,Hybird,Full Time,,not Egyptian,2024-02-23
Devops Engineer,5.0,30000.0,On Site,Full Time,,Egyptian,2024-02-23
Other,0.0,13000.0,Hybird,Full Time,Cairo,Egyptian,2024-02-23
BI Developer,2.0,63700.0,Hybird,Full Time,UAE,not Egyptian,2024-02-23
Other,1.0,20000.0,Remotley,Full Time,Smart Village,not Egyptian,2024-02-23
Performance Analyst,1.0,19000.0,Hybird,Full Time,Cairo,Egyptian,2024-02-23
.NET Developer,4.0,36000.0,Hybird,Full Time,Cairo,not Egyptian,2024-02-23
Devops Engineer,1.0,12000.0,On Site,Full Time,Giza,Egyptian,2024-02-23
Other,2.0,15000.0,On Site,Full Time,Cairo,Egyptian,2024-02-23
Other,2.0,18000.0,Hybird,Full Time,Giza,not Egyptian,2024-02-23
IT support,6.0,20000.0,On Site,Full Time,Cairo,Egyptian,2024-02-23
Senior Application Support Engineer,5.0,12000.0,Remotley,Full Time,Cairo,Egyptian,2024-02-23
Other,1.0,2750.0,On Site,Full Time,,Egyptian,2024-02-23
PHP Developer,0.0,5000.0,On Site,Full Time,Giza,Egyptian,2024-02-23
Other,3.0,24000.0,Hybird,Full Time,Cairo,Egyptian,2024-02-23
IT support,4.0,10000.0,Hybird,Full Time,Giza,Egyptian,2024-02-23
Flutter Developer,0.0,8000.0,Hybird,Full Time,Cairo,Egyptian,2024-02-23
Backend Developer,4.0,68600.0,Hybird,Full Time,Cairo,not Egyptian,2024-02-23
software engineer,4.0,98000.0,Hybird,Full Time,Cairo,not Egyptian,2024-02-23
Data Engineer,2.0,46000.0,Remotley,Full Time,,not Egyptian,2024-02-23
Data Engineer,3.0,142000.0,Remotley,Full Time,,not Egyptian,2024-02-23
Systems engineer,1.0,9000.0,On Site,Full Time,Cairo,Egyptian,2024-02-23
Solution Architect,0.0,8000.0,On Site,Full Time,Cairo,Egyptian,2024-02-23
Frontend Developer,0.0,70000.0,On Site,Full Time,,Egyptian,2024-02-23
BI Developer,3.0,30000.0,Hybird,Full Time,Cairo,not Egyptian,2024-02-23
Full Stack Developer,2.0,15000.0,Remotley,Part Time,Cairo,not Egyptian,2024-02-23
Frontend Developer,2.0,10000.0,Remotley,Full Time,Alexandria,Egyptian,2024-02-23
Devops Engineer,2.0,60000.0,Remotley,Full Time,Cairo,not Egyptian,2024-02-23
software engineer,2.0,700000.0,Hybird,Full Time,Cairo,Egyptian,2024-02-23
Other,5.0,23000.0,On Site,Full Time,Cairo,Egyptian,2024-02-23
Systems engineer,9.0,30000.0,On Site,Full Time,,not Egyptian,2024-02-23
Devops Engineer,2.0,34000.0,Remotley,Full Time,Cairo,Egyptian,2024-02-23
software testing,3.0,11000.0,On Site,Full Time,Cairo,Egyptian,2024-02-23
Other,4.0,30000.0,On Site,Full Time,Cairo,Egyptian,2024-02-23
Android Developer,2.0,98000.0,Hybird,Full Time,Saudi Arabia,not Egyptian,2024-02-23
Other,2.0,10000.0,Hybird,Full Time,Giza,not Egyptian,2024-02-23
Other,11.0,37000.0,Hybird,Full Time,Cairo,Egyptian,2024-02-23
data analyst,2.0,30000.0,Hybird,Full Time,Cairo,not Egyptian,2024-02-23
Other,6.0,14000.0,On Site,Full Time,,Egyptian,2024-02-23
Android Developer,3.0,23000.0,Hybird,Full Time,Cairo,Egyptian,2024-02-23
laravel developer,0.0,3000.0,Remotley,Part Time,Cairo,not Egyptian,2024-02-23
Data Engineer,5.0,297000.0,On Site,Full Time,Saudi Arabia,not Egyptian,2024-02-23
Other,5.0,114900.0,Remotley,Full Time,Saudi Arabia,not Egyptian,2024-02-23
Backend Developer,1.0,10000.0,On Site,Full Time,Cairo,Egyptian,2024-02-23
Android Developer,5.0,60000.0,Remotley,Full Time,Cairo,Egyptian,2024-02-23
Full Stack Developer,1.0,12000.0,Remotley,Full Time,USA,not Egyptian,2024-02-23
Other,10.0,12584.0,On Site,Full Time,Cairo,Egyptian,2024-02-23
Data Engineer,3.0,36000.0,Hybird,Full Time,Cairo,not Egyptian,2024-02-23
Other,2.0,15700.0,On Site,Full Time,,Egyptian,2024-02-23
Android Developer,4.0,20000.0,On Site,Full Time,Alexandria,not Egyptian,2024-02-23
Other,2.0,5000.0,On Site,Full Time,,Egyptian,2024-02-23
software engineer,2.0,10000.0,On Site,Full Time,,Egyptian,2024-02-23
Other,7.0,18000.0,On Site,Full Time,Alexandria,Egyptian,2024-02-23
Other,1.0,12700.0,On Site,Full Time,Cairo,Egyptian,2024-02-23
Other,2.0,21000.0,On Site,Full Time,Giza,Egyptian,2024-02-23
Other,4.0,14500.0,Hybird,Full Time,Cairo,not Egyptian,2024-02-23
Full Stack Developer,2.0,15000.0,Remotley,Full Time,,Egyptian,2024-02-23
Other,4.0,45000.0,Remotley,Full Time,Cairo,Egyptian,2024-02-23
Python Developer,1.0,35000.0,Hybird,Full Time,,Egyptian,2024-02-23
Frontend Developer,3.0,15500.0,Remotley,Full Time,Cairo,Egyptian,2024-02-23
Other,0.0,3000.0,Hybird,Part Time,Cairo,Egyptian,2024-02-23
Other,9.0,420000.0,Remotley,Full Time,,Egyptian,2024-02-23
Frontend Developer,1.0,17500.0,Remotley,Full Time,,not Egyptian,2024-02-23
Other,2.0,16800.0,On Site,Full Time,Cairo,Egyptian,2024-02-23
Frontend Developer,5.0,147000.0,Hybird,Full Time,Saudi Arabia,not Egyptian,2024-02-23
Data Scientist,1.0,7000.0,Hybird,Full Time,Cairo,Egyptian,2024-02-23
software engineer,1.0,24500.0,Remotley,Full Time,Cairo,Egyptian,2024-02-23
Backend Developer,0.0,8000.0,Remotley,Full Time,Cairo,not Egyptian,2024-02-23
Other,1.0,17550.0,Hybird,Full Time,Cairo,Egyptian,2024-02-23
Other,0.0,13000.0,Remotley,Full Time,Saudi Arabia,not Egyptian,2024-02-23
Other,3.0,9300.0,On Site,Full Time,,Egyptian,2024-02-23
Other,1.0,5000.0,On Site,Full Time,,Egyptian,2024-02-23
PHP Developer,1.0,5000.0,Remotley,Full Time,,Egyptian,2024-02-23
Other,2.0,15000.0,On Site,Full Time,Cairo,Egyptian,2024-02-23
data analyst,1.0,17000.0,Hybird,Full Time,Cairo,Egyptian,2024-02-23
Technical Support Engineer,7.0,14500.0,On Site,Full Time,Cairo,Egyptian,2024-02-23
Other,6.0,53000.0,On Site,Full Time,Cairo,Egyptian,2024-02-23
Full Stack Developer,6.0,22000.0,Hybird,Full Time,Giza,Egyptian,2024-02-23
Full Stack Developer,24.0,171500.0,Remotley,Part Time,Cairo,not Egyptian,2024-02-23
MERN stack developer,0.0,7500.0,On Site,Full Time,Cairo,Egyptian,2024-02-23
PHP Developer,11.0,122500.0,Remotley,Full Time,,not Egyptian,2024-02-23
Full Stack Developer,1.0,8000.0,Remotley,Full Time,Cairo,not Egyptian,2024-02-23
Other,3.0,10000.0,On Site,Full Time,Cairo,Egyptian,2024-02-23
Solution Architect,5.0,20000.0,On Site,Full Time,,Egyptian,2024-02-23
Flutter Developer,3.0,60000.0,Hybird,Full Time,Cairo,Egyptian,2024-02-23
Android Developer,2.0,12000.0,Remotley,Full Time,Saudi Arabia,not Egyptian,2024-02-23
Full Stack Developer,1.0,10000.0,On Site,Full Time,Cairo,Egyptian,2024-02-23
Full Stack Developer,1.0,14000.0,On Site,Full Time,Cairo,Egyptian,2024-02-23
Database Administrator,1.0,12000.0,On Site,Full Time,Cairo,Egyptian,2024-02-23
Android Developer,2.0,29400.0,Remotley,Full Time,Saudi Arabia,not Egyptian,2024-02-23
Full Stack Developer,3.0,28000.0,On Site,Full Time,Cairo,Egyptian,2024-02-23
Backend Developer,1.0,24500.0,Remotley,Full Time,,Egyptian,2024-02-23
Other,2.0,11500.0,On Site,Full Time,Alexandria,Egyptian,2024-02-23
GIS developer,3.0,9800.0,Remotley,Part Time,,not Egyptian,2024-02-23
Backend Developer,2.0,26000.0,Remotley,Full Time,,Egyptian,2024-02-23
Other,4.0,13000.0,Hybird,Full Time,UAE,not Egyptian,2024-02-23
Java developer,2.0,13000.0,On Site,Full Time,Giza,Egyptian,2024-02-23
Other,3.0,10000.0,Remotley,Full Time,Cairo,Egyptian,2024-02-23
software engineer,1.0,13000.0,Hybird,Full Time,Cairo,Egyptian,2024-02-23
data analyst,2.0,50000.0,Hybird,Full Time,Cairo,not Egyptian,2024-02-23
Other,0.0,40000.0,Hybird,Full Time,Cairo,not Egyptian,2024-02-23
Other,5.0,30000.0,Hybird,Full Time,Cairo,Egyptian,2024-02-23
Frontend Developer,2.0,10000.0,Remotley,Full Time,Cairo,Egyptian,2024-02-23
Android Developer,5.0,58800.0,Remotley,Full Time,,not Egyptian,2024-02-23
AI Engineer,5.0,25000.0,Hybird,Part Time,Cairo,Egyptian,2024-02-23
software engineer,2.0,28000.0,Remotley,Full Time,,not Egyptian,2024-02-23
Full Stack Developer,1.0,11000.0,Hybird,Full Time,Cairo,Egyptian,2024-02-23
software testing,0.0,38500.0,On Site,Full Time,,not Egyptian,2024-02-23
BI Developer,6.0,33000.0,Remotley,Full Time,Cairo,Egyptian,2024-02-23
Frontend Developer,0.0,14000.0,Remotley,Full Time,,not Egyptian,2024-02-23
IT support,12.0,8000.0,On Site,Full Time,Cairo,Egyptian,2024-02-23
Full Stack Developer,3.0,16000.0,Hybird,Full Time,Giza,Egyptian,2024-02-23
software engineer,2.0,24500.0,Hybird,Full Time,Cairo,not Egyptian,2024-02-23
Other,10.0,63600.0,Hybird,Full Time,,not Egyptian,2024-02-23
Other,2.0,10000.0,On Site,Full Time,Cairo,Egyptian,2024-02-23
Full Stack Developer,2.0,12000.0,Hybird,Full Time,Cairo,Egyptian,2024-02-23
Other,1.0,12500.0,Hybird,Full Time,Cairo,not Egyptian,2024-02-23
Frontend Developer,1.0,20000.0,Hybird,Full Time,Cairo,Egyptian,2024-02-23
Other,1.0,15000.0,On Site,Full Time,Cairo,Egyptian,2024-02-23
Frontend Developer,4.0,12000.0,Remotley,Part Time,Cairo,not Egyptian,2024-02-23
data analyst,1.0,17500.0,Hybird,Full Time,,Egyptian,2024-02-23
Other,3.0,73500.0,Remotley,Full Time,Cairo,not Egyptian,2024-02-23
software engineer,2.0,11000.0,On Site,Full Time,Cairo,not Egyptian,2024-02-23
UI/UX designer,1.0,15000.0,On Site,Full Time,UAE,not Egyptian,2024-02-23
UI/UX designer,1.0,7000.0,On Site,Full Time,Cairo,not Egyptian,2024-02-23
Other,4.0,25000.0,Hybird,Full Time,,Egyptian,2024-02-23
Embedded SW Engineer,10.0,34300.0,Hybird,Full Time,Cairo,Egyptian,2024-02-23
Backend Developer,0.0,22500.0,Remotley,Full Time,,not Egyptian,2024-02-23
data analyst,1.0,10000.0,On Site,Full Time,Cairo,Egyptian,2024-02-23
Other,2.0,12000.0,On Site,Full Time,Cairo,not Egyptian,2024-02-23
Other,2.0,20000.0,On Site,Full Time,Cairo,Egyptian,2024-02-23
Devops Engineer,3.0,60000.0,Hybird,Full Time,Cairo,not Egyptian,2024-02-23
Javascript developer,3.0,30000.0,On Site,Full Time,,Egyptian,2024-02-23
Other,3.0,24000.0,On Site,Full Time,Cairo,Egyptian,2024-02-23
Other,2.0,54000.0,Remotley,Full Time,,not Egyptian,2024-02-23
software engineer,0.0,12000.0,Hybird,Full Time,Cairo,Egyptian,2024-02-23
data analyst,1.0,6000.0,On Site,Full Time,Cairo,Egyptian,2024-02-23
Full Stack Developer,0.0,11000.0,Hybird,Full Time,,Egyptian,2024-02-23
Other,5.0,20000.0,Remotley,Full Time,UAE,not Egyptian,2024-02-23
Network Engineer,10.0,43000.0,On Site,Full Time,Cairo,Egyptian,2024-02-23
Other,0.0,4000.0,Hybird,Full Time,Cairo,Egyptian,2024-02-23
Frontend Developer,2.0,7300.0,On Site,Full Time,Cairo,Egyptian,2024-02-23
software engineer,0.0,7000.0,On Site,Full Time,Cairo,Egyptian,2024-02-23
Machine Learning Engineer,0.0,15000.0,Hybird,Full Time,Cairo,Egyptian,2024-02-23
Frontend Developer,2.0,27000.0,On Site,Full Time,Cairo,not Egyptian,2024-02-23
Java developer,2.0,14000.0,On Site,Full Time,Alexandria,Egyptian,2024-02-23
Backend Developer,4.0,83300.0,Remotley,Full Time,,not Egyptian,2024-02-23
Frontend Developer,0.0,14500.0,Hybird,Full Time,Cairo,Egyptian,2024-02-23
Backend Developer,1.0,31850.0,Hybird,Full Time,Cairo,not Egyptian,2024-02-23
Other,1.0,20000.0,On Site,Full Time,Cairo,Egyptian,2024-02-23
.NET Developer,0.0,12000.0,Hybird,Full Time,Cairo,Egyptian,2024-02-23
Other,2.0,17000.0,Hybird,Full Time,Cairo,Egyptian,2024-02-23
Other,1.0,8000.0,On Site,Full Time,Cairo,Egyptian,2024-02-23
Other,12.0,26000.0,Hybird,Full Time,Cairo,Egyptian,2024-02-23
.NET Developer,0.0,10000.0,On Site,Full Time,Cairo,Egyptian,2024-02-23
Backend Developer,1.0,15000.0,Remotley,Full Time,Cairo,Egyptian,2024-02-23
.NET Developer,1.0,15000.0,Hybird,Full Time,Cairo,not Egyptian,2024-02-23
Java developer,1.0,12250.0,On Site,Full Time,Alexandria,Egyptian,2024-02-23
Frontend Developer,1.0,20000.0,On Site,Full Time,Cairo,Egyptian,2024-02-23
Other,2.0,14500.0,On Site,Full Time,Cairo,not Egyptian,2024-02-23
.NET Developer,1.0,12000.0,Remotley,Full Time,Cairo,Egyptian,2024-02-23
iOS Developer,7.0,68600.0,Remotley,Full Time,Saudi Arabia,not Egyptian,2024-02-23
Other,4.0,12000.0,On Site,Full Time,Cairo,Egyptian,2024-02-23
Other,4.0,20000.0,On Site,Full Time,Cairo,Egyptian,2024-02-23
Frontend Developer,2.0,20000.0,Remotley,Full Time,Cairo,Egyptian,2024-02-23
Team leader,7.0,51000.0,Hybird,Full Time,Cairo,Egyptian,2024-02-23
Full Stack Developer,1.0,12000.0,Remotley,Full Time,,Egyptian,2024-02-23
Flutter Developer,0.0,8000.0,On Site,Full Time,,Egyptian,2024-02-23
Computer vision,2.0,20000.0,Remotley,Full Time,Cairo,not Egyptian,2024-02-23
Data Engineer,2.0,22000.0,Hybird,Full Time,Cairo,Egyptian,2024-02-23
Solution Architect,2.0,7500.0,On Site,Full Time,UAE,not Egyptian,2024-02-23
Other,16.0,30000.0,On Site,Full Time,,Egyptian,2024-02-23
Other,3.0,35000.0,Hybird,Full Time,Cairo,not Egyptian,2024-02-23
Full Stack Developer,0.0,14000.0,Remotley,Full Time,Cairo,Egyptian,2024-02-23
Odoo Developer,1.0,10000.0,On Site,Full Time,Cairo,Egyptian,2024-02-23
data analyst,4.0,33000.0,Hybird,Full Time,Cairo,Egyptian,2024-02-23
PHP Developer,2.0,29000.0,On Site,Full Time,Cairo,Egyptian,2024-02-23
.NET Developer,4.0,58800.0,Remotley,Full Time,UAE,not Egyptian,2024-02-23
Other,5.0,39200.0,Remotley,Part Time,,Egyptian,2024-02-23
Frontend Developer,4.0,50000.0,Hybird,Full Time,Cairo,Egyptian,2024-02-23
Other,0.0,49000.0,Hybird,Full Time,Cairo,not Egyptian,2024-02-23
Product manager,6.0,200000.0,On Site,Full Time,,not Egyptian,2024-02-23
Cyber security engineer,0.0,25000.0,Hybird,Full Time,,Egyptian,2024-02-23
Other,1.0,8000.0,On Site,Full Time,Cairo,Egyptian,2024-02-23
Flutter Developer,1.0,20000.0,Hybird,Full Time,Cairo,not Egyptian,2024-02-23
PHP Developer,1.0,2000.0,Hybird,Full Time,,Egyptian,2024-02-23
Devops Engineer,1.0,24000.0,Remotley,Full Time,Cairo,Egyptian,2024-02-23
data analyst,1.0,24500.0,On Site,Full Time,Saudi Arabia,Egyptian,2024-02-23
C++ Developer,0.0,20000.0,On Site,Full Time,Cairo,Egyptian,2024-02-23
software engineer,2.0,15000.0,Hybird,Full Time,Cairo,Egyptian,2024-02-23
Other,0.0,6600.0,Remotley,Part Time,Cairo,Egyptian,2024-02-23
.NET Developer,2.0,15000.0,Hybird,Full Time,,Egyptian,2024-02-24
Full Stack Developer,6.0,30000.0,Remotley,Part Time,,Egyptian,2024-02-24
.NET Developer,1.0,17000.0,Hybird,Full Time,Cairo,Egyptian,2024-02-24
Solution Architect,1.0,8800.0,On Site,Full Time,Cairo,Egyptian,2024-02-24
.NET Developer,4.0,21000.0,Hybird,Full Time,Cairo,not Egyptian,2024-02-24
Full Stack Developer,0.0,8000.0,Hybird,Full Time,Cairo,Egyptian,2024-02-24
Backend Developer,0.0,24500.0,Remotley,Full Time,Saudi Arabia,not Egyptian,2024-02-24
Data Scientist,0.0,20000.0,Remotley,Full Time,Cairo,Egyptian,2024-02-24
Other,3.0,40000.0,Hybird,Full Time,,not Egyptian,2024-02-24
Solution Architect,4.0,22000.0,On Site,Full Time,Cairo,Egyptian,2024-02-24
.NET Developer,6.0,60000.0,Hybird,Full Time,UAE,not Egyptian,2024-02-24
Other,4.0,30000.0,On Site,Full Time,Cairo,Egyptian,2024-02-24
Frontend Developer,1.0,15400.0,Hybird,Full Time,Cairo,Egyptian,2024-02-24
Full Stack Developer,3.0,60000.0,On Site,Full Time,Cairo,Egyptian,2024-02-24
Full Stack Developer,1.0,20000.0,Remotley,Full Time,USA,not Egyptian,2024-02-24
data analyst,1.0,13000.0,Hybird,Full Time,Cairo,Egyptian,2024-02-24
iOS Developer,2.0,18000.0,Hybird,Full Time,,not Egyptian,2024-02-24
Other,2.0,4500.0,On Site,Full Time,Cairo,Egyptian,2024-02-24
Data Scientist,2.0,35000.0,Hybird,Full Time,Cairo,Egyptian,2024-02-24
Other,5.0,100000.0,On Site,Full Time,Cairo,not Egyptian,2024-02-24
Senior application support,4.0,27500.0,On Site,Full Time,,Egyptian,2024-02-24
Other,4.0,29500.0,Hybird,Full Time,Giza,Egyptian,2024-02-24
Other,1.0,20000.0,Hybird,Full Time,Cairo,not Egyptian,2024-02-24
Other,0.0,9000.0,Remotley,Full Time,Saudi Arabia,not Egyptian,2024-02-24
IT support,5.0,10000.0,Remotley,Part Time,Cairo,not Egyptian,2024-02-24
Backend Developer,5.0,36000.0,Remotley,Full Time,Cairo,Egyptian,2024-02-24
Other,3.0,16000.0,Hybird,Full Time,Cairo,Egyptian,2024-02-24
PHP Developer,4.0,28000.0,On Site,Full Time,Cairo,Egyptian,2024-02-24
Other,2.0,17800.0,On Site,Full Time,Cairo,not Egyptian,2024-02-24
UI/UX designer,2.0,9000.0,On Site,Full Time,Alexandria,Egyptian,2024-02-24
PHP Developer,10.0,100000.0,On Site,Full Time,,Egyptian,2024-02-24
PHP Developer,5.0,48000.0,Remotley,Part Time,Cairo,Egyptian,2024-02-24
software testing,4.0,30000.0,Hybird,Full Time,Cairo,Egyptian,2024-02-24
Other,10.0,50000.0,On Site,Full Time,Cairo,Egyptian,2024-02-24
Other,1.0,28000.0,Hybird,Full Time,Cairo,Egyptian,2024-02-24
Android Developer,4.0,30000.0,Hybird,Full Time,,Egyptian,2024-02-24
Data Scientist,2.0,21200.0,Hybird,Full Time,,not Egyptian,2024-02-24
Full Stack Developer,2.0,31850.0,Remotley,Full Time,Cairo,not Egyptian,2024-02-24
Frontend Developer,1.0,15600.0,Hybird,Full Time,Cairo,Egyptian,2024-02-24
Other,2.0,10000.0,On Site,Full Time,Giza,Egyptian,2024-02-24
Network Engineer,3.0,17000.0,Remotley,Full Time,Cairo,Egyptian,2024-02-24
Senior application support,5.0,30000.0,On Site,Full Time,Cairo,not Egyptian,2024-02-24
data analyst,5.0,23000.0,On Site,Full Time,Giza,Egyptian,2024-02-24
Frontend Developer,2.0,24000.0,Hybird,Full Time,Giza,Egyptian,2024-02-24
data analyst,3.0,16000.0,Hybird,Full Time,Giza,Egyptian,2024-02-24
SAP Developer,2.0,20000.0,Hybird,Full Time,Cairo,not Egyptian,2024-02-24
Frontend Developer,2.0,15000.0,Hybird,Full Time,Cairo,Egyptian,2024-02-24
Javascript developer,1.0,20000.0,On Site,Full Time,Cairo,Egyptian,2024-02-24
MERN stack developer,2.0,17000.0,Remotley,Full Time,,not Egyptian,2024-02-24
Other,2.0,32000.0,On Site,Full Time,,not Egyptian,2024-02-24
Machine Learning Engineer,3.0,35000.0,Remotley,Full Time,,Egyptian,2024-02-24
Flutter Developer,0.0,8000.0,Remotley,Full Time,UAE,not Egyptian,2024-02-24
UI/UX designer,1.0,7000.0,Hybird,Full Time,Cairo,Egyptian,2024-02-24
Other,4.0,45000.0,Hybird,Full Time,Cairo,not Egyptian,2024-02-24
Full Stack Developer,10.0,50000.0,Hybird,Full Time,Saudi Arabia,not Egyptian,2024-02-24
software testing,10.0,50000.0,On Site,Full Time,,Egyptian,2024-02-24
software engineer,7.0,38000.0,Hybird,Full Time,Alexandria,not Egyptian,2024-02-24
Frontend Developer,0.0,7000.0,On Site,Full Time,Alexandria,Egyptian,2024-02-24
Django developer,1.0,8000.0,Hybird,Full Time,Cairo,Egyptian,2024-02-24
Other,2.0,9500.0,Hybird,Full Time,Cairo,Egyptian,2024-02-24
Full Stack Developer,1.0,11000.0,Hybird,Full Time,Cairo,Egyptian,2024-02-24
Flutter Developer,3.0,27500.0,Hybird,Full Time,Cairo,Egyptian,2024-02-24
Backend Developer,1.0,10000.0,On Site,Full Time,Cairo,Egyptian,2024-02-24
.NET Developer,1.0,27000.0,On Site,Full Time,Cairo,Egyptian,2024-02-24
Senior Application Support Engineer,15.0,40000.0,Remotley,Full Time,Cairo,not Egyptian,2024-02-24
data analyst,1.0,23000.0,Hybird,Full Time,Cairo,Egyptian,2024-02-24
Other,1.0,20000.0,Hybird,Full Time,Cairo,not Egyptian,2024-02-24
Frontend Developer,1.0,18500.0,On Site,Full Time,,not Egyptian,2024-02-24
.NET Developer,0.0,5500.0,Remotley,Part Time,,not Egyptian,2024-02-24
Flutter Developer,3.0,25000.0,Remotley,Full Time,Cairo,Egyptian,2024-02-24
Flutter Developer,2.0,19600.0,Remotley,Full Time,,Egyptian,2024-02-24
UI/UX designer,0.0,6600.0,Hybird,Full Time,Cairo,not Egyptian,2024-02-24
software testing,2.0,5000.0,Remotley,Full Time,Cairo,Egyptian,2024-02-24
PHP Developer,0.0,15000.0,On Site,Full Time,Cairo,not Egyptian,2024-02-24
Full Stack Developer,3.0,23500.0,On Site,Full Time,Cairo,Egyptian,2024-02-24
Other,0.0,8000.0,On Site,Full Time,Cairo,Egyptian,2024-02-24
Full Stack Developer,3.0,98000.0,Remotley,Full Time,,Egyptian,2024-02-25
Machine Learning Engineer,1.0,10000.0,On Site,Full Time,Cairo,Egyptian,2024-02-25
Other,1.0,8000.0,On Site,Full Time,Cairo,Egyptian,2024-02-25
Java developer,0.0,20000.0,On Site,Full Time,Cairo,not Egyptian,2024-02-25
Devops Engineer,0.0,15000.0,Hybird,Full Time,,Egyptian,2024-02-25
Other,1.0,13700.0,On Site,Full Time,Cairo,Egyptian,2024-02-25
.NET Developer,2.0,13500.0,Remotley,Full Time,,Egyptian,2024-02-25
PHP Developer,4.0,19000.0,On Site,Full Time,Cairo,Egyptian,2024-02-25
Flutter Developer,2.0,10000.0,On Site,Full Time,,not Egyptian,2024-02-25
Backend Developer,3.0,12000.0,Remotley,Full Time,Cairo,Egyptian,2024-02-25
Frontend Developer,7.0,30000.0,Hybird,Full Time,Giza,Egyptian,2024-02-25
.NET Developer,1.0,15000.0,Remotley,Full Time,Saudi Arabia,not Egyptian,2024-02-25
GIS developer,3.0,13800.0,Hybird,Full Time,Cairo,Egyptian,2024-02-25
software engineer,2.0,16000.0,On Site,Full Time,Cairo,Egyptian,2024-02-25
Other,2.0,3100.0,On Site,Full Time,Cairo,not Egyptian,2024-02-25
Flutter Developer,4.0,18000.0,On Site,Full Time,,Egyptian,2024-02-25
software engineer,3.0,50000.0,Remotley,Full Time,,not Egyptian,2024-02-25
Backend Developer,0.0,5000.0,On Site,Full Time,,Egyptian,2024-02-25
Frontend Developer,1.0,24500.0,Remotley,Full Time,,not Egyptian,2024-02-25
.NET Developer,0.0,7000.0,Hybird,Full Time,Cairo,Egyptian,2024-02-25
Frontend Developer,0.0,9000.0,Remotley,Full Time,,Egyptian,2024-02-25
.NET Developer,1.0,8000.0,Remotley,Full Time,,Egyptian,2024-02-26
Data Engineer,3.0,44100.0,Remotley,Full Time,USA,not Egyptian,2024-02-26
.NET Developer,1.0,12000.0,On Site,Full Time,Cairo,Egyptian,2024-02-26
Flutter Developer,2.0,8000.0,Remotley,Full Time,,Egyptian,2024-02-26
Other,22.0,578200.0,Remotley,Full Time,USA,Egyptian,2024-02-26
PHP Developer,1.0,11000.0,Remotley,Full Time,Cairo,Egyptian,2024-02-26
Frontend Developer,1.0,9000.0,On Site,Full Time,Cairo,Egyptian,2024-02-26
Data Engineer,3.0,25000.0,Hybird,Full Time,Cairo,Egyptian,2024-02-26
Performance Analyst,0.0,11500.0,On Site,Full Time,Smart Village,Egyptian,2024-02-26
Other,0.0,5000.0,On Site,Full Time,,Egyptian,2024-02-26
Full Stack Developer,0.0,11000.0,On Site,Full Time,Cairo,Egyptian,2024-02-26
software engineer,3.0,28500.0,Hybird,Full Time,Cairo,not Egyptian,2024-02-26
Odoo Developer,1.0,17000.0,On Site,Full Time,,Egyptian,2024-02-26
Network Engineer,5.0,20000.0,Hybird,Full Time,Cairo,not Egyptian,2024-02-26
Full Stack Developer,2.0,23000.0,Hybird,Full Time,Cairo,not Egyptian,2024-02-26
Devops Engineer,0.0,49000.0,On Site,Full Time,Giza,not Egyptian,2024-02-26
Backend Developer,2.0,20000.0,Remotley,Full Time,Cairo,not Egyptian,2024-02-26
Odoo Developer,1.0,11000.0,On Site,Full Time,Cairo,Egyptian,2024-02-26
Other,6.0,32000.0,Hybird,Full Time,,Egyptian,2024-02-26
Data Engineer,1.0,21000.0,Hybird,Full Time,Cairo,not Egyptian,2024-02-26
Data Scientist,2.0,13500.0,Hybird,Full Time,Giza,Egyptian,2024-02-26
Other,6.0,15000.0,On Site,Full Time,Cairo,Egyptian,2024-02-26
Data Engineer,0.0,17000.0,On Site,Full Time,,not Egyptian,2024-02-26
data analyst,4.0,30000.0,On Site,Full Time,Cairo,not Egyptian,2024-02-26
AI Engineer,1.0,19800.0,Hybird,Full Time,Cairo,not Egyptian,2024-02-26
Data Engineer,3.0,30000.0,On Site,Full Time,Cairo,Egyptian,2024-02-26
Flutter Developer,2.0,19600.0,Remotley,Full Time,,not Egyptian,2024-02-26
Data Scientist,4.0,80000.0,Remotley,Full Time,Cairo,Egyptian,2024-02-26
.NET Developer,2.0,20000.0,Hybird,Full Time,Cairo,Egyptian,2024-02-26
Other,2.0,14000.0,On Site,Full Time,Cairo,Egyptian,2024-02-26
Full Stack Developer,7.0,34300.0,Remotley,Full Time,,not Egyptian,2024-02-26
Backend Developer,4.0,55000.0,Hybird,Full Time,Cairo,not Egyptian,2024-02-26
Other,8.0,24000.0,Hybird,Full Time,USA,not Egyptian,2024-02-26
Other,10.0,66150.0,Remotley,Full Time,Cairo,not Egyptian,2024-02-26
Frontend Developer,6.0,110000.0,On Site,Full Time,Cairo,Egyptian,2024-02-26
Other,5.0,147000.0,On Site,Full Time,Cairo,not Egyptian,2024-02-26
Frontend Developer,4.0,83000.0,Hybird,Full Time,Cairo,not Egyptian,2024-02-26
Technical Support Engineer,1.0,13000.0,Hybird,Full Time,USA,not Egyptian,2024-02-26
Data Scientist,3.0,19000.0,Hybird,Full Time,Cairo,Egyptian,2024-02-26
.NET Developer,2.0,15000.0,On Site,Full Time,Cairo,Egyptian,2024-02-26
Flutter Developer,3.0,98000.0,Remotley,Full Time,,Egyptian,2024-02-26
Flutter Developer,2.0,37500.0,Remotley,Full Time,,not Egyptian,2024-02-26
Data Scientist,3.0,40000.0,Hybird,Full Time,Cairo,Egyptian,2024-02-26
software engineer,0.0,12000.0,Hybird,Full Time,Cairo,Egyptian,2024-02-26
Frontend Developer,3.0,29400.0,Remotley,Full Time,Cairo,not Egyptian,2024-02-26
software engineer,4.0,45000.0,Remotley,Full Time,Cairo,not Egyptian,2024-02-26
PHP Developer,2.0,16000.0,Remotley,Full Time,Saudi Arabia,not Egyptian,2024-02-26
Other,0.0,17150.0,Remotley,Part Time,UAE,not Egyptian,2024-02-26
Backend Developer,2.0,30000.0,Hybird,Full Time,Cairo,Egyptian,2024-02-26
Full Stack Developer,2.0,8000.0,Hybird,Full Time,,Egyptian,2024-02-26
Other,5.0,343000.0,On Site,Full Time,Saudi Arabia,not Egyptian,2024-02-26
Frontend Developer,3.0,68000.0,Hybird,Full Time,Cairo,Egyptian,2024-02-26
software testing,5.0,50000.0,Hybird,Full Time,Cairo,not Egyptian,2024-02-26
Other,10.0,68600.0,Hybird,Full Time,USA,not Egyptian,2024-02-26
Frontend Developer,4.0,88200.0,On Site,Full Time,Cairo,not Egyptian,2024-02-26
software quality control engineer,5.0,29000.0,Hybird,Full Time,Giza,Egyptian,2024-02-26
Frontend Developer,7.0,110000.0,On Site,Full Time,Cairo,not Egyptian,2024-02-26
Data Engineer,0.0,25000.0,Hybird,Full Time,Cairo,Egyptian,2024-02-26
UI/UX designer,2.0,7000.0,Remotley,Full Time,,Egyptian,2024-02-26
Frontend Developer,1.0,8000.0,On Site,Full Time,,Egyptian,2024-02-26
software engineer,0.0,80000.0,On Site,Full Time,Cairo,Egyptian,2024-02-26
.NET Developer,6.0,392000.0,Remotley,Full Time,USA,Egyptian,2024-02-26
Other,5.0,196000.0,Remotley,Full Time,Cairo,not Egyptian,2024-02-26
Java developer,1.0,12000.0,On Site,Full Time,Cairo,not Egyptian,2024-02-27
Other,2.0,13230.0,On Site,Full Time,Alexandria,not Egyptian,2024-02-27
Performance Analyst,2.0,21000.0,Hybird,Full Time,Giza,Egyptian,2024-02-27
UI/UX designer,2.0,8000.0,On Site,Full Time,Cairo,Egyptian,2024-02-27
Flutter Developer,2.0,15000.0,On Site,Full Time,Cairo,not Egyptian,2024-02-27
Other,5.0,98000.0,Remotley,Full Time,USA,not Egyptian,2024-02-27
Flutter Developer,1.0,5000.0,On Site,Full Time,,Egyptian,2024-02-27
PHP Developer,3.0,15000.0,On Site,Full Time,,Egyptian,2024-02-27
software engineer,6.0,143000.0,Remotley,Full Time,,Egyptian,2024-02-27
Other,1.0,4500.0,On Site,Full Time,Cairo,Egyptian,2024-02-27
RPA Developer,0.0,12000.0,Remotley,Full Time,Smart Village,Egyptian,2024-02-27
Frontend Developer,4.0,58800.0,Remotley,Full Time,UAE,not Egyptian,2024-02-27
Full Stack Developer,6.0,52000.0,Hybird,Full Time,Cairo,not Egyptian,2024-02-27
Flutter Developer,1.0,8000.0,On Site,Full Time,,Egyptian,2024-02-27
Machine Learning Engineer,0.0,19600.0,Remotley,Full Time,USA,not Egyptian,2024-02-27
PHP Developer,0.0,9500.0,Hybird,Part Time,Cairo,Egyptian,2024-02-27
AI Engineer,1.0,12000.0,Hybird,Full Time,Giza,Egyptian,2024-02-27
Frontend Developer,2.0,23000.0,Hybird,Full Time,Cairo,Egyptian,2024-02-27
Other,2.0,8240.0,On Site,Full Time,Cairo,Egyptian,2024-02-27
Other,15.0,35000.0,On Site,Full Time,Cairo,not Egyptian,2024-02-27
data analyst,1.0,8500.0,On Site,Full Time,Cairo,not Egyptian,2024-02-27
Other,1.0,20000.0,On Site,Full Time,Cairo,Egyptian,2024-02-27
data analyst,2.0,8500.0,On Site,Full Time,,Egyptian,2024-02-27
data analyst,0.0,8000.0,On Site,Full Time,Cairo,Egyptian,2024-02-27
Other,1.0,16000.0,On Site,Full Time,Cairo,not Egyptian,2024-02-27
Other,5.0,50000.0,Remotley,Full Time,Cairo,not Egyptian,2024-02-27
software testing,5.0,18000.0,On Site,Full Time,Cairo,Egyptian,2024-02-27
Other,5.0,13500.0,On Site,Full Time,Cairo,Egyptian,2024-02-27
data analyst,1.0,7500.0,Remotley,Full Time,Cairo,not Egyptian,2024-02-27
data analyst,2.0,5000.0,Remotley,Full Time,Cairo,Egyptian,2024-02-27
data analyst,2.0,10000.0,On Site,Full Time,,Egyptian,2024-02-27
BI Developer,2.0,16000.0,Hybird,Full Time,Giza,Egyptian,2024-02-27
Other,7.0,7000.0,On Site,Full Time,Cairo,Egyptian,2024-02-27
BI Developer,4.0,37000.0,Hybird,Full Time,,not Egyptian,2024-02-27
Other,10.0,65000.0,Hybird,Full Time,Cairo,Egyptian,2024-02-27
Other,1.0,14000.0,Hybird,Full Time,Cairo,Egyptian,2024-02-27
Other,1.0,16000.0,Hybird,Full Time,Cairo,Egyptian,2024-02-27
Full Stack Developer,2.0,54000.0,Remotley,Full Time,,not Egyptian,2024-02-27
Java developer,1.0,14000.0,Hybird,Full Time,Cairo,not Egyptian,2024-02-27
Odoo Developer,1.0,15000.0,On Site,Full Time,Cairo,Egyptian,2024-02-27
Other,5.0,25000.0,On Site,Full Time,Cairo,not Egyptian,2024-02-27
Flutter Developer,1.0,5000.0,Hybird,Full Time,,Egyptian,2024-02-27
Full Stack Developer,8.0,7000.0,Remotley,Full Time,Cairo,Egyptian,2024-02-27
System Administrator,2.0,5000.0,Remotley,Full Time,Cairo,Egyptian,2024-02-27
Data Scientist,3.0,73500.0,Remotley,Full Time,USA,not Egyptian,2024-02-27
Frontend Developer,2.0,35000.0,Hybird,Full Time,Cairo,Egyptian,2024-02-27
Full Stack Developer,0.0,8000.0,Hybird,Full Time,,Egyptian,2024-02-27
BI Developer,2.0,10000.0,On Site,Full Time,,not Egyptian,2024-02-27
Full Stack Developer,1.0,8000.0,Remotley,Full Time,Cairo,Egyptian,2024-02-27
Odoo Developer,0.0,10000.0,Hybird,Full Time,,Egyptian,2024-02-27
Frontend Developer,0.0,8000.0,On Site,Part Time,Alexandria,Egyptian,2024-02-27
Full Stack Developer,0.0,12000.0,Remotley,Full Time,,Egyptian,2024-02-27
data analyst,2.0,10000.0,On Site,Full Time,Cairo,Egyptian,2024-02-28
PHP Developer,3.0,17000.0,On Site,Full Time,Cairo,Egyptian,2024-02-28
Java developer,0.0,12000.0,On Site,Full Time,Cairo,Egyptian,2024-02-28
AI Engineer,0.0,17000.0,On Site,Full Time,Cairo,not Egyptian,2024-02-28
Devops Engineer,2.0,7000.0,On Site,Full Time,Giza,Egyptian,2024-02-28
.NET Developer,0.0,32000.0,Hybird,Full Time,Cairo,Egyptian,2024-02-28
Django developer,4.0,45000.0,Hybird,Full Time,Cairo,Egyptian,2024-02-28
data analyst,2.0,10700.0,On Site,Full Time,Giza,Egyptian,2024-02-28
Devops Engineer,1.0,17000.0,Remotley,Full Time,Cairo,Egyptian,2024-02-28
Other,1.0,14500.0,On Site,Full Time,Cairo,Egyptian,2024-02-28
Other,4.0,14000.0,Hybird,Full Time,Cairo,Egyptian,2024-02-28
Cyber security engineer,1.0,39200.0,Remotley,Full Time,UAE,not Egyptian,2024-02-28
Flutter Developer,1.0,19600.0,Remotley,Full Time,,not Egyptian,2024-02-28
Python Developer,1.0,20000.0,Remotley,Full Time,,not Egyptian,2024-02-28
Frontend Developer,1.0,8000.0,Remotley,Full Time,Saudi Arabia,not Egyptian,2024-02-28
laravel developer,2.0,8000.0,On Site,Full Time,Cairo,Egyptian,2024-02-28
Full Stack Developer,2.0,16000.0,Remotley,Full Time,Cairo,Egyptian,2024-02-28
Backend Developer,1.0,12000.0,Remotley,Full Time,,Egyptian,2024-02-28
Data Engineer,0.0,12000.0,Hybird,Full Time,Cairo,Egyptian,2024-02-28
Full Stack Developer,0.0,8000.0,Hybird,Part Time,Cairo,Egyptian,2024-02-28
Other,7.0,80000.0,Hybird,Full Time,Cairo,Egyptian,2024-02-28
software engineer,14.0,200000.0,Hybird,Full Time,,not Egyptian,2024-02-28
Frontend Developer,2.0,6000.0,Remotley,Full Time,,not Egyptian,2024-02-28
software engineer,3.0,20000.0,Hybird,Full Time,Cairo,not Egyptian,2024-02-28
Frontend Developer,3.0,58800.0,Remotley,Full Time,Cairo,not Egyptian,2024-02-28
Other,3.0,8000.0,Hybird,Full Time,Cairo,Egyptian,2024-02-28
software testing,1.0,20000.0,Remotley,Full Time,Giza,Egyptian,2024-02-29
software engineer,2.0,40000.0,Hybird,Full Time,Cairo,Egyptian,2024-02-29
Flutter Developer,7.0,40000.0,Remotley,Full Time,Cairo,Egyptian,2024-02-29
Devops Engineer,1.0,23900.0,Hybird,Full Time,Cairo,not Egyptian,2024-02-29
Other,0.0,5000.0,On Site,Full Time,Cairo,Egyptian,2024-02-29
Other,7.0,50000.0,On Site,Full Time,Cairo,not Egyptian,2024-02-29
.NET Developer,4.0,30000.0,Hybird,Full Time,Cairo,Egyptian,2024-02-29
Android Developer,4.0,20000.0,Hybird,Full Time,,Egyptian,2024-02-29
.NET Developer,1.0,16000.0,On Site,Full Time,Cairo,Egyptian,2024-02-29
Frontend Developer,1.0,8000.0,Remotley,Full Time,Cairo,Egyptian,2024-02-29
.NET Developer,6.0,37500.0,On Site,Full Time,Alexandria,Egyptian,2024-02-29
Full Stack Developer,3.0,23500.0,Remotley,Full Time,Cairo,not Egyptian,2024-02-29
Other,0.0,16000.0,Hybird,Full Time,Cairo,Egyptian,2024-02-29
PHP Developer,5.0,25000.0,Remotley,Full Time,UAE,Egyptian,2024-02-29
.NET Developer,2.0,27000.0,Hybird,Full Time,Cairo,Egyptian,2024-02-29
Frontend Developer,2.0,22000.0,Hybird,Full Time,Cairo,Egyptian,2024-02-29
data analyst,2.0,15000.0,Hybird,Full Time,Giza,not Egyptian,2024-02-29
Full Stack Developer,1.0,12000.0,Remotley,Full Time,Cairo,Egyptian,2024-02-29
BI Developer,1.0,20000.0,Hybird,Full Time,Cairo,Egyptian,2024-02-29
software engineer,2.0,18000.0,Hybird,Full Time,Cairo,Egyptian,2024-02-29
software testing,1.0,24000.0,Hybird,Full Time,Cairo,not Egyptian,2024-02-29
.NET Developer,3.0,30000.0,Hybird,Full Time,Cairo,Egyptian,2024-03-01
UI/UX designer,4.0,20000.0,Remotley,Full Time,,not Egyptian,2024-03-01
Other,0.0,10000.0,On Site,Full Time,Cairo,Egyptian,2024-03-01
IT support,18.0,20000.0,Hybird,Full Time,Cairo,Egyptian,2024-03-01
Integration developer,0.0,13500.0,On Site,Full Time,,not Egyptian,2024-03-01
Other,9.0,73500.0,Remotley,Full Time,Cairo,not Egyptian,2024-03-01
software quality control engineer,2.0,22400.0,Hybird,Full Time,Cairo,Egyptian,2024-03-01
Flutter Developer,1.0,14000.0,Hybird,Full Time,Cairo,Egyptian,2024-03-01
data analyst,3.0,10000.0,On Site,Full Time,Cairo,Egyptian,2024-03-01
Android Developer,2.0,29400.0,Remotley,Full Time,Giza,not Egyptian,2024-03-01
Senior Application Support Engineer,6.0,27000.0,Hybird,Full Time,Cairo,Egyptian,2024-03-01
software engineer,9.0,337500.0,On Site,Full Time,Saudi Arabia,not Egyptian,2024-03-02
Devops Engineer,1.0,25000.0,Hybird,Full Time,Cairo,Egyptian,2024-03-02
Frontend Developer,2.0,18000.0,Hybird,Full Time,Cairo,Egyptian,2024-03-02
Android Developer,2.0,30000.0,Hybird,Full Time,Alexandria,Egyptian,2024-03-02
Data Scientist,1.0,32000.0,Hybird,Full Time,Giza,Egyptian,2024-03-06
Frontend Developer,1.0,25000.0,Remotley,Full Time,Cairo,Egyptian,2024-03-06
software engineer,1.0,26000.0,Hybird,Full Time,Cairo,not Egyptian,2024-03-07
Java developer,5.0,55000.0,Hybird,Full Time,Cairo,Egyptian,2024-03-07
Java developer,1.0,15000.0,Hybird,Full Time,Cairo,Egyptian,2024-03-07
Flutter Developer,4.0,98000.0,Hybird,Full Time,Cairo,not Egyptian,2024-03-07
software engineer,4.0,45000.0,Remotley,Full Time,Cairo,Egyptian,2024-03-07
Embedded SW Engineer,0.0,10000.0,On Site,Full Time,Cairo,Egyptian,2024-03-07
PHP Developer,1.0,10000.0,Remotley,Full Time,Cairo,Egyptian,2024-03-07
C++ Developer,0.0,4000.0,Hybird,Part Time,Cairo,not Egyptian,2024-03-07
MERN stack developer,3.0,20000.0,On Site,Full Time,Cairo,not Egyptian,2024-03-08
Cyber security engineer,4.0,756000.0,Remotley,Full Time,UAE,not Egyptian,2024-03-08
Devops Engineer,1.0,29000.0,Hybird,Full Time,Cairo,Egyptian,2024-02-03
