طابع زمني,Title,Years of Experiences ,Salary,Work Type,Work Hour,City of Company site,What Is your Company
2/19/2024 20:09,.NET Developer,2,8000,Hybird,Full Time,Cairo,Egyption
2/19/2024 20:10,Android Developer,0,6000,Hybird,Full Time,Assiut ,Egyption
2/19/2024 20:23,Android Developer,1,10000,Hybird,Full Time,Cairo,Egyption
2/19/2024 20:27,Devops Engineer,0,10000,On Site,Full Time,Assiut ,Egyption
2/19/2024 20:31,Java ,1,20000,On Site,Full Time,Cairo,Egyption
2/19/2024 20:32,R&D computer vision ,1,15000,Remotley,Full Time,Cairo ,Egyption
2/19/2024 20:44,Frontend Developer,0,5000,On Site,Full Time,Mansoura,Not Egyption but site in egypt
2/19/2024 20:44,Full Stack Developer,0,10000,Remotley,Full Time,America,Not Egyption and site out of egypt
2/19/2024 20:48,Frontend Developer,4,75000,Hybird,Full Time,,Not Egyption but site in egypt
2/19/2024 20:49,.NET Developer,0,6000,On Site,Full Time,Mansoura,Egyption
2/19/2024 20:59,raact developer ,1,15000,Remotley,Full Time,Cairo,Egyption
2/19/2024 21:02,Full Stack Developer,2,5000,Remotley,Full Time,Cairo,Egyption
2/19/2024 21:03,.NET Developer,1,9000,Hybird,Full Time,Benha,Not Egyption but site in egypt
2/19/2024 21:04,data analyst,1,6000,On Site,Full Time,Banha,Egyption
2/19/2024 21:04,BI Developer,1,10000,On Site,Full Time,6-Oct,Egyption
2/19/2024 21:12,Full Stack Developer,2,20000,Remotley,Full Time,India,Not Egyption and site out of egypt
2/19/2024 21:17,Full Stack Developer,3,21000,Hybird,Full Time,Cairo,Egyption
2/19/2024 21:18,.NET Developer,1,12000,On Site,Full Time,Cairo,Egyption
2/19/2024 21:18,Data Engineer,1,18000,Hybird,Full Time,"Cairo, Riyadh",Egyption
2/19/2024 21:19,Android Developer,1.5,9000,Remotley,Full Time,Cairo,Egyption
2/19/2024 21:24,PHP Developer,0,8000,On Site,Full Time,,Egyption
2/19/2024 21:27,data analyst,3,4500,On Site,Full Time,Cairo,Egyption
2/19/2024 21:32,iOS Developer,1,12000,Hybird,Full Time,Cairo,Egyption
2/19/2024 21:32,.NET Developer,1,8000,On Site,Full Time,Mansoura ,Egyption
2/19/2024 21:38,Data Scientist,0,25000,On Site,Full Time,,Egyption
2/19/2024 21:41,Frontend Developer - Angular,2,12000,On Site,Full Time,Cairo,Not Egyption but site in egypt
2/19/2024 21:42,AI Engineer,6,28000,Remotley,Part Time,Bangladish,Not Egyption and site out of egypt
2/19/2024 21:44,IoT embedded SW engineer,2,9000,On Site,Full Time,cairo,Egyption
2/19/2024 21:45,Business intelligence Engineer,2,27500,Hybird,Full Time,New Cairo,Not Egyption but site in egypt
2/19/2024 21:51,Frontend Developer,7,65000,On Site,Full Time,Smart Villages ,Egyption
2/19/2024 21:52,C++ Developer,2,25000,Remotley,Full Time,"UAE, Abu Dhabi",Not Egyption but site in egypt
2/19/2024 21:54,PHP Developer,1,7000,Hybird,Full Time,tanta,Egyption
2/19/2024 21:55,.NET Developer,0,10000,Remotley,Full Time,dubai,Not Egyption and site out of egypt
2/19/2024 22:01,Data Scientist,1,16000,Hybird,Full Time,Cairo,Not Egyption but site in egypt
2/19/2024 22:04,computer science instructor,1,9200,Remotley,Full Time,cairo,Egyption
2/19/2024 22:12,Full Stack .NET Developer,0,6000,Remotley,Full Time,,Egyption
2/19/2024 22:15,.NET Developer,3,15000,Remotley,Full Time,,Egyption
2/19/2024 22:18,Backend Developer,0,10000,On Site,Full Time,Cairo,Egyption
2/19/2024 22:19,.NET Developer,3,12000,Remotley,Part Time,,Not Egyption and site out of egypt
2/19/2024 22:30,Android Developer,4,22000,Hybird,Full Time,,Egyption
2/19/2024 22:32,Flutter Developer,3,10000,Hybird,Full Time,giza,Egyption
2/19/2024 22:35,software testing,3,34000,Hybird,Full Time,,Not Egyption but site in egypt
2/19/2024 22:36,software testing,1,5000,On Site,Full Time,cairo,Not Egyption but site in egypt
2/19/2024 22:37,.NET Developer,3,32000,On Site,Full Time,Cairo,Egyption
2/19/2024 22:38,Android Developer,1.5,15000,Hybird,Full Time,Cairo Egypt ,Egyption
2/19/2024 22:44,Laravel developer ,0,8000,Remotley,Full Time,Cairo,Egyption
2/19/2024 22:51,Oracle developer ,1,12000,On Site,Full Time,Cairo ,Egyption
2/19/2024 22:53,Java developer,0,8000,On Site,Full Time,Cairo,Egyption
2/19/2024 22:55,Java developer,0,30000,On Site,Full Time,Giza,Not Egyption but site in egypt
2/19/2024 22:56,Frontend Developer - Angular,1,80000,On Site,Full Time,Lahore,Not Egyption and site out of egypt
2/19/2024 23:10,Junior web developer,1,35000,Hybird,Full Time,Cairo,Egyption
2/19/2024 23:17,software engineer,2,18000,Hybird,Full Time,Cairo,Not Egyption but site in egypt
2/19/2024 23:26,Frontend Developer,2,9000,On Site,Full Time,Alex,Egyption
2/19/2024 23:26,MERN Stack developer,0,7000,On Site,Full Time,Cairo,Egyption
2/19/2024 23:42,Full Stack .NET Developer,2.4,19600,Remotley,Full Time,,Not Egyption and site out of egypt
2/20/2024 0:06,Frontend Developer,3,30000,Hybird,Full Time,Cairo,Egyption
2/20/2024 0:06,Full Stack .NET Developer,1,15000,Hybird,Full Time,Giza,Egyption
2/20/2024 0:15,Backend Developer - Node.js,2,10000,Remotley,Full Time,Dubai,Egyption
2/20/2024 0:19,.NET Developer,4,36000,Hybird,Full Time,Cairo,Not Egyption but site in egypt
2/20/2024 0:19,Frontend Developer - React,1.5,8000,On Site,Full Time,"Alex, egypt",Egyption
2/20/2024 0:25,Data Engineer,0,15000,Remotley,Full Time,Cairo,Egyption
2/20/2024 0:26,.NET Developer,2,15000,Hybird,Full Time,KSA,Not Egyption but site in egypt
2/20/2024 0:32,Full Stack Developer,3,6000,Hybird,Full Time,Cairo,Egyption
2/20/2024 0:36,software engineer,0,2800,Remotley,Part Time,Cairo,Egyption
2/20/2024 0:36,Full Stack Developer,5,43000,On Site,Full Time,cairo,Egyption
2/20/2024 0:40,Machine Learning Engineer,2,20000,On Site,Full Time,Cairo,Not Egyption but site in egypt
2/20/2024 1:01,AI Engineer,0,13000,Hybird,Full Time,"Amman, Jordan",Not Egyption but site in egypt
2/20/2024 1:03,Software development engineer in test,0,30000,Hybird,Full Time,Cairo,Not Egyption but site in egypt
2/20/2024 1:04,Frontend Developer,2,8000,Hybird,Full Time,Cairo,Not Egyption but site in egypt
2/20/2024 1:06,software engineer,8,60000,Hybird,Full Time,Cairo,Egyption
2/20/2024 1:10,Integration developer ,0,15000,Remotley,Full Time,Cairo,Not Egyption but site in egypt
2/20/2024 1:21,software testing,1,10000,Remotley,Full Time,,Egyption
2/20/2024 1:21,Oracle DBA ,1,15000,Hybird,Full Time,Cairo ,Egyption
2/20/2024 1:28,Python Developer,3,85000,Remotley,Full Time,"Illinois, USA",Not Egyption and site out of egypt
2/20/2024 1:31,Sr. BUSINESS INTELLIGENCE DEVELOPER,4,60000,Hybird,Full Time,"GIZA, SMART VILLAGE",Not Egyption but site in egypt
2/20/2024 1:48,Frontend Developer,6,147000,Remotley,Full Time,Usa,Not Egyption and site out of egypt
2/20/2024 2:36,CRM Developer,0,45000,Remotley,Full Time,"London, England",Not Egyption and site out of egypt
2/20/2024 2:38,Frontend Developer,0,145000,Remotley,Full Time,Cairo,Egyption
2/20/2024 2:49,Data Integration,2,14000,Hybird,Full Time,,Egyption
2/20/2024 2:52,Frontend Developer,0,14500,Remotley,Full Time,Cairo,Egyption
2/20/2024 2:54,Flutter Developer,1,9000,On Site,Full Time,Alexandria,Egyption
2/20/2024 3:57,data analyst,0,0,On Site,Full Time,Cairo,Egyption
2/20/2024 3:58,MERN stack,3,54000,Remotley,Full Time,Cairo,Not Egyption but site in egypt
2/20/2024 3:59,Nodejs developer,1,14000,On Site,Full Time,Giza,Not Egyption but site in egypt
2/20/2024 4:47,Data Scientist,0,10000,Remotley,Full Time,cairo ,Egyption
2/20/2024 5:03,Full Stack java Developer,0,15000,Hybird,Full Time,Cairo,Egyption
2/20/2024 5:12,Erp developer,0,8000,Hybird,Full Time,Cairo,Egyption
2/20/2024 5:25,Flutter Developer,0,4000,Remotley,Part Time,dubai,Not Egyption and site out of egypt
2/20/2024 5:52,Backend Developer,0,36000,Remotley,Full Time,Riyadh ,Not Egyption and site out of egypt
2/20/2024 6:15,Flutter Developer,1,8000,Hybird,Full Time,Cairo,Egyption
2/20/2024 6:27,Java ,0,10000,On Site,Full Time,Cairo,Egyption
2/20/2024 6:35,Frontend Developer,3,29400,Remotley,Full Time,,Not Egyption and site out of egypt
2/20/2024 6:48,data analyst,1,12000,On Site,Full Time,Cairo,Egyption
2/20/2024 6:51,data analyst,1,12000,Remotley,Full Time,"Jedah, Saudi Arabia ",Not Egyption and site out of egypt
2/20/2024 6:57,Frontend Developer,2.5,46550,Remotley,Full Time,,Egyption
2/20/2024 7:26,Java developer,0,16000,On Site,Full Time,Assuit,Not Egyption but site in egypt
2/20/2024 7:34,software engineer,1,10000,On Site,Full Time,Cairo,Egyption
2/20/2024 7:36,BI Developer,0,13500,On Site,Full Time,Cairo,Egyption
2/20/2024 7:45,BI Developer,1.3,22000,Remotley,Full Time,cairo,Egyption
2/20/2024 7:47,Machine Learning Engineer,0,23000,On Site,Full Time,Cairo ,Egyption
2/20/2024 7:52,.NET Developer,6,56000,On Site,Full Time,Dubai,Not Egyption but site in egypt
2/20/2024 8:13,data analyst,2,5000,On Site,Full Time,Mansoura,Egyption
2/20/2024 8:29,.NET Developer,1,16000,Hybird,Full Time,6-Oct,Not Egyption but site in egypt
2/20/2024 8:30,Backend Developer - Java,1,12000,On Site,Full Time,Cairo,Egyption
2/20/2024 8:31,Full Stack .NET Developer,1,15000,Hybird,Full Time,Alexandria,Egyption
2/20/2024 8:33,.NET Developer,0,10000,On Site,Full Time,Cairo,Egyption
2/20/2024 8:34,Data Governance Engineer,0,14000,Hybird,Full Time,Cairo,Not Egyption but site in egypt
2/20/2024 8:44,BI Developer,1.5,10600,On Site,Full Time,Alexandria,Egyption
2/20/2024 9:14,.NET Developer,1,10000,On Site,Full Time,Mansoura,Egyption
2/20/2024 9:19,PHP Developer,5,15000,Hybird,Full Time,cairo,Egyption
2/20/2024 9:23,software engineer,0,15000,Hybird,Full Time,Cairo,Egyption
2/20/2024 9:45,Backend Developer,5,55000,Hybird,Full Time,Cairo,Not Egyption but site in egypt
2/20/2024 9:46,Devops Engineer,9,25000,Hybird,Full Time,Cairo ,Egyption
2/20/2024 9:50,.NET Developer,0,10000,Hybird,Full Time,Cairo ,Egyption
2/20/2024 9:54,data analyst,3,13000,On Site,Full Time,"Giza,Cairo,suez,",Egyption
2/20/2024 9:56,iOS Developer,3,16000,Hybird,Full Time,Saudi Arabia,Not Egyption but site in egypt
2/20/2024 9:58,Data Engineer,2,15000,Hybird,Full Time,cairo,Egyption
2/20/2024 9:59,software testing,2,5000,On Site,Full Time,mansoura,Egyption
2/20/2024 10:03,.NET Developer,1,6000,On Site,Full Time,Mansoura,Egyption
2/20/2024 10:07,Data Engineer,1.3,10000,Hybird,Full Time,Cairo,Egyption
2/20/2024 10:08,.NET Developer,2,10000,On Site,Full Time,Mansoura,Egyption
2/20/2024 10:10,.NET Developer,1,15000,Hybird,Full Time,Cairo,Not Egyption but site in egypt
2/20/2024 10:28,Java developer,0,24000,Hybird,Full Time,Cairo ,Not Egyption but site in egypt
2/20/2024 10:39,SRE,1,16000,Remotley,Full Time,Cairo,Not Egyption but site in egypt
2/20/2024 10:41,iOS Developer,0,9000,Hybird,Full Time,Cairo ,Egyption
2/20/2024 10:55,Junior embedded systems ,0,28000,On Site,Full Time,Smart village ,Not Egyption but site in egypt
2/20/2024 10:59,Full Stack Developer,3,25000,Remotley,Full Time,Cairo,Not Egyption but site in egypt
2/20/2024 11:06,.NET Developer,2,20000,Hybird,Full Time,Cairo,Not Egyption but site in egypt
2/20/2024 11:13,Devops Engineer,0,16000,Hybird,Full Time,Cairo ,Not Egyption but site in egypt
2/20/2024 11:18,iOS Developer,3,25000,Hybird,Full Time,Cairo,Egyption
2/20/2024 11:22,software testing,3,20000,Hybird,Full Time,Cairo,Egyption
2/20/2024 11:23,Android Developer,1,17000,Hybird,Full Time,Cairo,Egyption
2/20/2024 11:25,Full Stack Developer,3,44100,Remotley,Full Time,"Riyadh, Saudi Arabia",Not Egyption and site out of egypt
2/20/2024 11:25,software testing,1,9000,On Site,Full Time,Cairo,Egyption
2/20/2024 11:39,data analyst,1.5,16500,Hybird,Full Time,Cairo,Egyption
2/20/2024 11:39,Full Stack Developer,2,31360,On Site,Full Time,,Not Egyption and site out of egypt
2/20/2024 11:47,Android Developer,1,34300,Remotley,Full Time,Iraq,Not Egyption but site in egypt
2/20/2024 11:53,Frontend Developer,2,3500,Remotley,Part Time,Alexandria,Egyption
2/20/2024 11:54,PHP Developer,4,14000,Remotley,Full Time,Dubai,Not Egyption and site out of egypt
2/20/2024 12:19,BI Developer,2,24000,Remotley,Full Time,Cairo,Egyption
2/20/2024 12:24,Flutter Developer,0,4000,On Site,Full Time,Cairo,Egyption
2/20/2024 12:35,Devops Engineer,1,17000,Hybird,Full Time,Cairo,Egyption
2/20/2024 12:38,Business Development Engineer,3,12500,On Site,Full Time,Cairo,Egyption
2/20/2024 12:41,Devops Engineer,3,47000,Hybird,Full Time,Cairo,Not Egyption but site in egypt
2/20/2024 12:51,Mid level Java ,2,28500,Remotley,Full Time,Smart Village,Not Egyption but site in egypt
2/20/2024 12:51,Frontend Developer,3,23000,Hybird,Full Time,Maadi,Not Egyption but site in egypt
2/20/2024 12:51,Java developer,0,11500,On Site,Full Time,Alexandria,Egyption
2/20/2024 12:55,PHP Developer,3,30000,On Site,Full Time,Cairo,Not Egyption but site in egypt
2/20/2024 13:18,Java developer,0,12000,On Site,Full Time,"Cairo, elryad",Not Egyption but site in egypt
2/20/2024 13:23,database adminstration,0,12000,On Site,Full Time,zayed,Egyption
2/20/2024 13:25,Rract native,3,60000,Remotley,Full Time,Riyadh,Not Egyption and site out of egypt
2/20/2024 13:31,Computer vision,1.5,16000,Remotley,Full Time,giza,Egyption
2/20/2024 13:38,data analyst,3,24000,On Site,Full Time,,Egyption
2/20/2024 13:41,.NET Developer,4,30000,Hybird,Full Time,KSA,Not Egyption but site in egypt
2/20/2024 13:46,Flutter Developer,2,18000,Remotley,Full Time,United States ,Not Egyption and site out of egypt
2/20/2024 13:48,software engineer,0,25000,Remotley,Full Time,Cairo,Not Egyption but site in egypt
2/20/2024 14:02,data analyst,0,16000,On Site,Full Time,Cairo,Not Egyption but site in egypt
2/20/2024 14:05,Frontend Developer,0,4000,Hybird,Part Time,Giza,Egyption
2/20/2024 14:06,Full Stack Developer,1,16000,Hybird,Full Time,Cairo,Not Egyption but site in egypt
2/20/2024 14:34,software engineer,1,22700,Hybird,Full Time,,Not Egyption but site in egypt
2/20/2024 14:52,Full Stack .NET Developer,1,10000,Hybird,Full Time,Mansoura,Not Egyption but site in egypt
2/20/2024 15:03,Frontend Developer,1,15800,Hybird,Full Time,cairo,Egyption
2/20/2024 15:25,java spring dev,0,13000,Hybird,Full Time,cairo,Egyption
2/20/2024 15:42,Frontend Developer,1.5,8000,On Site,Full Time,cairo,Egyption
2/20/2024 15:43,iOS Developer,1,15000,Hybird,Full Time,cairo,Not Egyption and site out of egypt
2/20/2024 16:05,Flutter Developer,1.5,12000,On Site,Full Time,El mohandseen,Egyption
2/20/2024 16:10,software engineer,1.5,11500,On Site,Full Time,Smart Village ,Egyption
2/20/2024 16:43,Flutter Developer,4,18000,On Site,Full Time,Menofia,Egyption
2/20/2024 17:01,Machine Learning Engineer,2,35000,Hybird,Full Time,Cairo,Egyption
2/20/2024 17:02,Flutter Developer,0,5800,Hybird,Full Time,Alexandria ,Egyption
2/20/2024 17:15,Lead Mobile Engineer ,6.5,34000,Hybird,Full Time,Cairo,Egyption
2/20/2024 17:17,Frontend Developer,4,68000,Remotley,Full Time,Istanbul,Not Egyption and site out of egypt
2/20/2024 17:17,Nodejs developer,1,15000,Hybird,Part Time,Cairo,Egyption
2/20/2024 17:23,Flutter Developer,2,8000,On Site,Full Time,Mansoura,Not Egyption but site in egypt
2/20/2024 17:55,Full Stack Developer,1.5,15000,Hybird,Full Time,Cairo,Egyption
2/20/2024 18:12,Frontend Developer,2.5,25000,Hybird,Full Time,Cairo,Egyption
2/20/2024 18:37,Flutter Developer,3,25000,Remotley,Full Time,Riyadh,Not Egyption but site in egypt
2/20/2024 18:41,Flutter Developer,2,5000,Remotley,Part Time,Dubai,Not Egyption and site out of egypt
2/20/2024 19:01,Data Scientist,5,20000,Remotley,Full Time,Dubai ,Not Egyption but site in egypt
2/20/2024 19:05,Data Engineer,0,21000,Remotley,Full Time,,Egyption
2/20/2024 19:09,data analyst,3,10500,On Site,Full Time,Luxor,Egyption
2/20/2024 19:14,Frontend Developer,1.5,7000,Remotley,Full Time,Cairo ,Egyption
2/20/2024 19:53,Data Engineer,2,52000,Remotley,Full Time,cairo,Not Egyption but site in egypt
2/20/2024 20:28,Full Stack .NET Developer,0,10000,On Site,Full Time,October,Egyption
2/20/2024 20:29,Team Lead,6,38000,Hybird,Full Time,"Hurghada, Egypt ",Not Egyption but site in egypt
2/20/2024 20:54,Vuejs Developer ,0,14000,Hybird,Full Time,,Egyption
2/20/2024 20:58,Frontend Developer - React,3,19000,Remotley,Full Time,Maadi,Egyption
2/20/2024 21:46,software engineer,1,15000,Hybird,Full Time,Cairo,Egyption
2/20/2024 21:59,Frontend Developer - React,1.5,6000,Remotley,Full Time,cairo,Egyption
2/20/2024 22:48,PHP Developer,0,5000,Remotley,Full Time,Cairo ,Egyption
2/20/2024 22:58,PHP Developer,2,25000,On Site,Full Time,Cairo ,Egyption
2/20/2024 23:14,Frontend Developer,1.5,30000,Remotley,Full Time,الرياض,Not Egyption and site out of egypt
2/21/2024 1:33,Backend Developer - Node.js,1,6000,Remotley,Part Time,KSA,Not Egyption and site out of egypt
2/21/2024 6:12,Flutter Developer,0,9000,Hybird,Full Time,"Cairo, New Cairo",Egyption
2/21/2024 6:29,software engineer,2,15000,Hybird,Full Time,Giza,Egyption
2/21/2024 9:04,.NET Developer,0,6000,Hybird,Full Time,Cairo ,Egyption
2/21/2024 9:11,.NET Developer,1,6000,On Site,Full Time,Cairo ,Egyption
2/21/2024 9:24,software engineer,1.5,19000,Hybird,Full Time,Cairo,Not Egyption but site in egypt
2/21/2024 10:32,PHP Developer,4,20000,On Site,Full Time,Cairo,Egyption
2/21/2024 12:25,Devops Engineer,2,15000,Remotley,Full Time,"Cairo, Saudia ",Egyption
2/21/2024 15:03,Frontend Developer - React,1,6000,On Site,Full Time,,Not Egyption but site in egypt
2/21/2024 15:23,software engineer,1,10000,On Site,Full Time,Cairo,Not Egyption but site in egypt
2/21/2024 15:24,software engineer,1,10000,On Site,Full Time,Cairo,Not Egyption but site in egypt
2/21/2024 15:25,software engineer,1,10000,On Site,Full Time,Cairo,Not Egyption but site in egypt
2/21/2024 15:27,software engineer,2,16000,Hybird,Full Time,Cairo,Not Egyption but site in egypt
2/21/2024 15:29,software engineer,2,20000,Hybird,Full Time,Cairo,Not Egyption but site in egypt
2/21/2024 15:30,software engineer,2,20000,Hybird,Full Time,Cairo,Not Egyption but site in egypt
2/21/2024 16:22,software engineer,3,29000,On Site,Full Time,Cairo,Egyption
2/21/2024 21:08,Backend Developer - Java,4,117600,Remotley,Full Time,Riyadh,Not Egyption but site in egypt
2/22/2024 0:18,Full Stack react Developer,0,15000,Hybird,Full Time,Cairo,Egyption
2/22/2024 0:20,Frontend Developer - React,3,18000,On Site,Full Time,Giza,Egyption
2/22/2024 1:09,NodeJs Developer,0.5,9000,On Site,Full Time,New Damietta ,Egyption
2/22/2024 2:51,Django ,0,15000,Hybird,Full Time,,Egyption
2/22/2024 10:26,Frontend Developer - React,1,10000,Remotley,Full Time,Cairo,Egyption
2/22/2024 11:24,Full Stack .NET Developer,2.8,15300,Hybird,Full Time,Kuwait,Not Egyption but site in egypt
2/22/2024 13:24,.NET Developer,2,12000,On Site,Full Time,10th Of Ramadan ,Egyption
2/22/2024 14:13,data analyst,2,14000,On Site,Full Time,"Cairo, Dubai, Ryadh",Not Egyption but site in egypt
2/22/2024 17:56,Backend Developer - Node.js,1,0,On Site,Full Time,,Egyption
2/22/2024 18:18,Frontend Developer - React,4,30000,Remotley,Full Time,,Egyption
2/22/2024 18:24,Data Engineer,1,11000,Hybird,Full Time,,Egyption
2/22/2024 18:30,Backend Developer,3,50000,On Site,Full Time,Cairo,Egyption
2/22/2024 18:31,Junior Oracle DBA,0,8000,On Site,Full Time,Cairo ,Egyption
2/22/2024 18:31,Wordpress developer ,3,40000,Remotley,Full Time,UAE,Not Egyption and site out of egypt
2/22/2024 18:35,Full Stack Developer,2,11000,On Site,Full Time,cairo,Egyption
2/22/2024 18:35,Maintenance Engineer,2,7200,On Site,Full Time,Cairo,Not Egyption but site in egypt
2/22/2024 18:36,software testing,0,8000,On Site,Full Time,Mansoura,Egyption
2/22/2024 18:37,Backend Developer - Node.js,2,16000,Remotley,Full Time,,Not Egyption and site out of egypt
2/22/2024 18:39,Android Developer,1,7000,Remotley,Part Time,cairo,Egyption
2/22/2024 18:43,nopde js developer ,2,85000,On Site,Full Time,kafr - elshiekh ,Egyption
2/22/2024 18:43,PHP Developer,1,16000,Hybird,Full Time,Alexandria,Not Egyption but site in egypt
2/22/2024 18:44,Java spring Developer,0,5000,Hybird,Full Time,Giza,Egyption
2/22/2024 18:44,.NET Developer,2,30000,Hybird,Full Time,mansoura ,Egyption
2/22/2024 18:45,software testing,1,18500,Hybird,Full Time,Cairo,Egyption
2/22/2024 18:50,.NET Developer,5,1000,Remotley,Full Time,KSA,Not Egyption and site out of egypt
2/22/2024 18:57,Data Engineer,3,48000,Hybird,Full Time,Cairo,Not Egyption but site in egypt
2/22/2024 18:58,Python Developer,3,30000,Hybird,Full Time,Cairo,Egyption
2/22/2024 19:00,Full Stack Developer,6,2000,Hybird,Full Time,,Not Egyption but site in egypt
2/22/2024 19:00,Flutter Developer,1,6000,On Site,Full Time,Shebin elkom,Egyption
2/22/2024 19:01,Android Developer,4,171500,Remotley,Full Time,"Austria, but I'm in Egypt",Not Egyption and site out of egypt
2/22/2024 19:01,.NET Developer,2,24000,Hybird,Full Time,Cairo ,Egyption
2/22/2024 19:02,data analyst,3,15000,Remotley,Part Time,Cairo,Egyption
2/22/2024 19:03,iOS Developer,3,35000,Remotley,Full Time,Cairo,Egyption
2/22/2024 19:03,Backend Developer,1,30000,Hybird,Full Time,Cairo,Egyption
2/22/2024 19:05,Account manager ,6,12000,On Site,Full Time,Cairo,Egyption
2/22/2024 19:06,APM developer ,0,15000,Hybird,Full Time,Cairo,Not Egyption but site in egypt
2/22/2024 19:07,Full Stack Developer,2,15000,Remotley,Part Time,Cairo,Egyption
2/22/2024 19:12,.NET Developer,8,130000,Remotley,Full Time,Europe,Not Egyption and site out of egypt
2/22/2024 19:12,PHP Developer,4,27000,Hybird,Full Time,Cairo ,Egyption
2/22/2024 19:18,data analyst,3,18000,Hybird,Full Time,Cairo,Not Egyption but site in egypt
2/22/2024 19:20,Network Engineer,5,10000,Hybird,Full Time,Cairo,Egyption
2/22/2024 19:21,software testing,1,18620,Hybird,Full Time,Cairo,Not Egyption but site in egypt
2/22/2024 19:22,UI/UX designer,3,5600,Hybird,Full Time,Mansoura,Egyption
2/22/2024 19:22,Branding Designer,2.5,14000,On Site,Full Time,Cairo,Egyption
2/22/2024 19:24,Senior associate,14,15000,On Site,Full Time,Alexandria,Egyption
2/22/2024 19:25,Full Stack Developer,1.5,33000,Hybird,Full Time,Cairo,Egyption
2/22/2024 19:26,Backend Developer,0,5000,Hybird,Full Time,,Egyption
2/22/2024 19:29,Solution Architect,1,6000,Hybird,Full Time,Cairo,Egyption
2/22/2024 19:30,Implementation Officer,2,9750,On Site,Full Time,Cairo,Not Egyption but site in egypt
2/22/2024 19:33,Devops Engineer,1.5,40000,Hybird,Full Time,Cairo,Not Egyption but site in egypt
2/22/2024 19:38,BI Developer,0,4000,Hybird,Full Time,"Cairo, Smart village ",Not Egyption but site in egypt
2/22/2024 19:39,software testing,1,5500,Remotley,Full Time,Cairo,Egyption
2/22/2024 19:40,Outsystems developer,2,26950,Hybird,Full Time,"Cairo, Riyadh ",Egyption
2/22/2024 19:40,Java developer,0,20000,Hybird,Full Time,Cairo,Egyption
2/22/2024 19:42,Frontend Developer,3,73500,Remotley,Full Time,Riyadh,Not Egyption and site out of egypt
2/22/2024 19:47,Full Stack .NET Developer,0,5000,Remotley,Part Time,,Egyption
2/22/2024 19:48,Customer service representative ,2,13000,On Site,Full Time,Cairo ,Not Egyption but site in egypt
2/22/2024 19:48,Full Stack .NET Developer,3,15000,Remotley,Full Time,Benha,Egyption
2/22/2024 19:49,Aws engineer ,1,10000,On Site,Full Time,Cairo,Egyption
2/22/2024 19:51,software engineer,6,25000,Hybird,Full Time,Cairo,Egyption
2/22/2024 19:55,Machine Learning Engineer,1,8000,On Site,Full Time,cairo,Egyption
2/22/2024 19:58,AI Engineer,1,60000,Remotley,Full Time,,Egyption
2/22/2024 19:59,data analyst,7,207000,On Site,Full Time,Cairo,Egyption
2/22/2024 20:01,Operation engineer ,3,10000,On Site,Full Time,Cairo,Egyption
2/22/2024 20:09,software testing,0,26500,Hybird,Full Time,Cairo,Not Egyption but site in egypt
2/22/2024 20:09,software testing,2,35000,Hybird,Full Time,Giza,Not Egyption but site in egypt
2/22/2024 20:10,GIS Developer ,0,41650,On Site,Full Time,Giza,Not Egyption but site in egypt
2/22/2024 20:13,Technical support ,7,10000,On Site,Full Time,,Egyption
2/22/2024 20:16,Flutter Developer,0,7000,On Site,Full Time,Giza,Egyption
2/22/2024 20:17,Administrator ,3,5000,On Site,Full Time,Cairo,Egyption
2/22/2024 20:21,Network Engineer,3,10850,Hybird,Full Time,Uk,Not Egyption but site in egypt
2/22/2024 20:25,Senior full stake developer ,7,20000,On Site,Full Time,Cairo,Egyption
2/22/2024 20:25,Outsystems low code developer,5,40000,Remotley,Full Time,Cairo,Not Egyption but site in egypt
2/22/2024 20:26,software engineer,1.5,44000,Remotley,Full Time,,Not Egyption and site out of egypt
2/22/2024 20:31,Solution Architect,11,250000,Remotley,Part Time,"Cairo, Startup and I am consult them remotely as a part timer. ",Egyption
2/22/2024 20:31,Frontend Developer,2,10000,On Site,Full Time,Cairo,Egyption
2/22/2024 20:32,Solution Architect,6,25000,On Site,Full Time,Cairo,Egyption
2/22/2024 20:32,Full Stack Developer,2,5000,On Site,Full Time,Cairo,Egyption
2/22/2024 20:33,Machine Learning Engineer,1,49000,Remotley,Full Time,Cairo,Egyption
2/22/2024 20:35,Dynamics 365 CRM Functional Consultant ,2.5,68600,Remotley,Full Time,UAE,Not Egyption but site in egypt
2/22/2024 20:35,.NET Developer,0,10000,On Site,Full Time,Cairo,Egyption
2/22/2024 20:35,UI/UX designer,3,18000,Remotley,Full Time,Saudi Arabia,Not Egyption and site out of egypt
2/22/2024 20:37,Machine Learning Engineer,4,147000,Hybird,Full Time,Saudi,Not Egyption but site in egypt
2/22/2024 20:37,Odoo Developer,5,21000,On Site,Full Time,Cairo,Egyption
2/22/2024 20:39,Marketing executive,10,19000,Remotley,Full Time,Cairo,Egyption
2/22/2024 20:39,Frontend Developer,2,10000,Remotley,Part Time,cairo,Egyption
2/22/2024 20:40,.NET Developer,1,13000,Remotley,Full Time,Cairo,Egyption
2/22/2024 20:41,Frontend Developer,1,4000,On Site,Full Time,Mansoura,Egyption
2/22/2024 20:41,Equine surgeon veterinarian ,2,6600,On Site,Full Time,Netherlands,Not Egyption but site in egypt
2/22/2024 20:42,PHP Developer,1,19000,Remotley,Part Time,London,Not Egyption and site out of egypt
2/22/2024 20:44,Sr. Nodejs developer,4,82000,Remotley,Full Time,Jeddah,Not Egyption and site out of egypt
2/22/2024 20:45,Network Engineer,0,10000,On Site,Full Time,,Egyption
2/22/2024 20:46,Frontend Developer,0,9000,Hybird,Full Time,cairo,Egyption
2/22/2024 20:48,Network Engineer,0,10000,Remotley,Full Time,Cairo,Egyption
2/22/2024 20:50,software engineer,3,60000,Hybird,Full Time,Cairo,Not Egyption but site in egypt
2/22/2024 20:52,PHP Developer,3,24500,Remotley,Part Time,Dubai,Not Egyption and site out of egypt
2/22/2024 20:52,System engineer ,3,20000,On Site,Full Time,Kuwait ,Egyption
2/22/2024 20:53,Senior Node js developer,3,47000,Hybird,Full Time,Saudi Arabia ,Egyption
2/22/2024 20:54,software engineer,4,25000,Hybird,Full Time,Alexandria,Egyption
2/22/2024 20:54,Frontend Developer - React,3,88200,Remotley,Full Time,,Not Egyption but site in egypt
2/22/2024 20:57,Team lead,11,100000,Remotley,Full Time,Cairo,Not Egyption but site in egypt
2/22/2024 20:59,Frontend Developer,5,122500,Remotley,Full Time,KSA ,Egyption
2/22/2024 21:00,software engineer,0,51000,Hybird,Full Time,,Not Egyption but site in egypt
2/22/2024 21:02,IT support,3,15000,On Site,Full Time,Riyadh,Egyption
2/22/2024 21:02,Technical office engineer,8,5000,On Site,Full Time,10th of ramadan city,Egyption
2/22/2024 21:04,Frontend Developer,2.5,8000,On Site,Full Time,Alexandria ,Not Egyption but site in egypt
2/22/2024 21:08,Android Developer,5,50000,Hybird,Full Time,Cairo,Egyption
2/22/2024 21:09,Network Engineer,5,30000,Hybird,Full Time,Cairo,Egyption
2/22/2024 21:09,Devops Engineer,0.5,27900,Remotley,Full Time,,Egyption
2/22/2024 21:11,Backend Developer - Django,1,12500,Remotley,Full Time,cairo,Egyption
2/22/2024 21:12,Backend Developer,0,18000,Hybird,Full Time,Cairo ,Egyption
2/22/2024 21:28,Backend Developer,7,114000,Remotley,Full Time,Remote,Not Egyption but site in egypt
2/22/2024 21:28,Team leader,4,13000,On Site,Full Time,Cairo,Not Egyption but site in egypt
2/22/2024 21:28,software testing,2,20000,Hybird,Full Time,Cairo,Egyption
2/22/2024 21:33,business development executive,4,195000,On Site,Full Time,Dubai,Not Egyption and site out of egypt
2/22/2024 21:33,Integration Engineer,3,35000,Remotley,Full Time,Cairo,Not Egyption but site in egypt
2/22/2024 21:34,Technical office engineer,8,8000,On Site,Full Time,Cairo,Egyption
2/22/2024 21:36,Android Developer,4,63700,Hybird,Full Time,KSA,Not Egyption but site in egypt
2/22/2024 21:47,software engineer,0,9000,On Site,Full Time,,Not Egyption but site in egypt
2/22/2024 21:51,Android Developer,3,16000,Hybird,Full Time,Alexandria ,Egyption
2/22/2024 21:52,RPA Developer ,0,12000,Remotley,Full Time,Cairo,Egyption
2/22/2024 21:56,Frontend Developer,1,9000,Remotley,Full Time,Saudi ,Egyption
2/22/2024 22:00,Machine Learning Engineer,0,27000,Hybird,Full Time,Cairo,Not Egyption but site in egypt
2/22/2024 22:00,Principal design development engineer ,9,24000,On Site,Full Time,Cairo,Not Egyption but site in egypt
2/22/2024 22:04,software engineer,1,15000,Remotley,Full Time,Cairo,Egyption
2/22/2024 22:05,Frontend Developer,3,40000,Hybird,Full Time,Cairo,Egyption
2/22/2024 22:07,IT support,3,13000,On Site,Full Time,Aswan,Egyption
2/22/2024 22:10,Full Stack Developer,0,5000,On Site,Full Time,Tanta,Egyption
2/22/2024 22:11,Frontend Developer,0,15000,Remotley,Full Time,USA,Not Egyption but site in egypt
2/22/2024 22:12,Full Stack .NET Developer,6,60000,Hybird,Full Time,Cairo,Egyption
2/22/2024 22:14,Data Engineer,1,21000,Hybird,Full Time,Cairo,Egyption
2/22/2024 22:16,Frontend Developer,0,8000,On Site,Full Time,Cairo,Egyption
2/22/2024 22:24,Frontend Developer - React,1,23000,Hybird,Full Time,Cairo,Not Egyption but site in egypt
2/22/2024 22:41,Frontend Developer,3,7000,On Site,Full Time,Cairo,Not Egyption but site in egypt
2/22/2024 22:47,PHP Developer,2,10000,On Site,Full Time,Cairo ,Egyption
2/22/2024 22:49,Cost control engineer,6,13000,On Site,Full Time,cairo,Egyption
2/22/2024 22:51,software testing,4,32000,Remotley,Full Time,Cairo,Not Egyption but site in egypt
2/22/2024 22:52,Frontend Developer,3,25000,Hybird,Full Time,Cairo,Egyption
2/22/2024 22:53,Flutter Developer,1,13000,Hybird,Full Time,Cairo,Egyption
2/22/2024 22:53,Senior planning engineer ,12,40000,On Site,Full Time,Cairo ,Egyption
2/22/2024 22:54,Senior ICT Technical Director ,10,300000,Remotley,Full Time,Shenzhen ,Not Egyption and site out of egypt
2/22/2024 22:55,Wep developer ,4,5000,Hybird,Full Time,Cairo,Egyption
2/22/2024 22:59,Senior RPA Developer,5.25,88000,Remotley,Full Time,"Cairo, Riyadh ",Not Egyption but site in egypt
2/22/2024 23:00,Database Administrator ,2,46000,Hybird,Full Time,Smart,Egyption
2/22/2024 23:01,Data Engineer,1,12000,Hybird,Full Time,Alexandria,Egyption
2/22/2024 23:02,Biotechnology ,2,10000,Remotley,Part Time,Cairo ,Egyption
2/22/2024 23:06,Senior Contracts Engineer,24,30000,On Site,Full Time,Cairo,Egyption
2/22/2024 23:07,Data Scientist,1,22000,Hybird,Full Time,Cairo,Egyption
2/22/2024 23:07,PHP Developer,15,4500,On Site,Full Time,Giza,Egyption
2/22/2024 23:08,Android Developer,5,29400,On Site,Full Time,Cairo,Not Egyption but site in egypt
2/22/2024 23:09,Product Designer ,4,35000,Hybird,Full Time,Cairo,Egyption
2/22/2024 23:11,Business Intelligence Analyst,2,19600,Hybird,Full Time,Cairo,Egyption
2/22/2024 23:13,System Admin,3,18000,Hybird,Full Time,Cairo,Egyption
2/22/2024 23:13,BI Developer,1,34300,Remotley,Full Time,"dubai, india, ksa",Not Egyption and site out of egypt
2/22/2024 23:19,AI Engineer,0,6000,Hybird,Full Time,Giza Egypt ,Egyption
2/22/2024 23:23,PHP Developer,4,3000,On Site,Full Time,Cairo,Not Egyption but site in egypt
2/22/2024 23:24,software engineer,3,156800,Remotley,Full Time,,Not Egyption and site out of egypt
2/22/2024 23:32,Frontend Developer,3,16500,On Site,Full Time,Alexandria ,Egyption
2/22/2024 23:37,Senior GIS ,5,15800,On Site,Full Time,Giza,Egyption
2/22/2024 23:41,System Administrator,0,16000,Hybird,Full Time,Cairo,Not Egyption but site in egypt
2/22/2024 23:42,iOS Developer,3,39000,Hybird,Full Time,Cairo,Egyption
2/22/2024 23:50,Full Stack Developer,3.5,159000,Remotley,Full Time,,Not Egyption and site out of egypt
2/22/2024 23:57,Backend Developer - Node.js,2,14000,Hybird,Full Time,Cairo,Egyption
2/22/2024 23:58,Flutter Developer,1,10000,On Site,Full Time,Alexandria,Egyption
2/22/2024 23:58,.NET Developer,3,16000,Remotley,Full Time,Main site in Saudi-Arabia and branch in Cairo,Not Egyption but site in egypt
2/23/2024 0:07,Flutter Developer,1,12000,Remotley,Full Time,Saudi Arabia ,Not Egyption and site out of egypt
2/23/2024 0:12,UI/UX designer,1,8000,Hybird,Full Time,,Egyption
2/23/2024 0:12,Frontend Developer,3,70000,Remotley,Part Time,dubai,Not Egyption and site out of egypt
2/23/2024 0:13,Frontend Developer,3,20000,Remotley,Full Time,Cairo,Egyption
2/23/2024 0:16,b2b,3,20000,On Site,Full Time,dubai,Not Egyption and site out of egypt
2/23/2024 0:17,Planning Engineer (Controls),7,47000,On Site,Full Time,Cairo,Egyption
2/23/2024 0:20,Business analyst and Bi developer,3,15000,Hybird,Full Time,Cairo,Egyption
2/23/2024 0:21,Data Engineer,2,23000,Hybird,Full Time,Maadi,Egyption
2/23/2024 0:24,Frontend Developer,1,8000,Hybird,Full Time,,Egyption
2/23/2024 0:30,Java developer,1,20000,Hybird,Full Time,cairo,Egyption
2/23/2024 0:32,PHP Developer,1,6000,Remotley,Full Time,Cairo,Egyption
2/23/2024 0:33,Senior R&D Sw Manager,18,170000,Hybird,Full Time,Cairo,Not Egyption but site in egypt
2/23/2024 0:33,iOS Developer,3,50000,Hybird,Full Time,,Egyption
2/23/2024 0:35,Next.js Developer,1,18000,Remotley,Part Time,Kuwait,Egyption
2/23/2024 0:43,software engineer,0,49000,Remotley,Full Time,Saudi ,Not Egyption and site out of egypt
2/23/2024 0:48,software engineer,2,58000,Remotley,Full Time,cairo,Egyption
2/23/2024 0:49,Full Stack .NET Developer,1,12000,Remotley,Full Time,cairo,Not Egyption but site in egypt
2/23/2024 0:50,data analyst,1,15000,Hybird,Full Time,Cairo,Egyption
2/23/2024 0:57,brand developer,4,15000,On Site,Full Time,cairo,Egyption
2/23/2024 1:00,Project control engineer,3,9000,On Site,Full Time,Cairo,Egyption
2/23/2024 1:05,Backend Developer,16,160000,On Site,Full Time,Cairo,Egyption
2/23/2024 1:08,software engineer,5,113000,Remotley,Full Time,Cairo,Egyption
2/23/2024 1:10,Product manager,1,45000,Hybird,Full Time,Cairo,Not Egyption but site in egypt
2/23/2024 1:12,Frontend Developer,0,8000,Remotley,Full Time,6 october city ,Egyption
2/23/2024 1:14,Personal banker,2,11500,On Site,Full Time,Cairo,Not Egyption but site in egypt
2/23/2024 1:19,Full Stack .NET Developer,1,20000,Hybird,Full Time,Cairo,Egyption
2/23/2024 1:20,software testing,4,61250,Remotley,Full Time,Cairo ,Not Egyption but site in egypt
2/23/2024 1:26,Machine Learning Engineer,1,12000,Remotley,Full Time,Cairo,Egyption
2/23/2024 1:27,Head of Products,11,60000,Hybird,Full Time,Cairo,Egyption
2/23/2024 1:28,Full Stack Developer,4,30000,Hybird,Full Time,Cairo,Not Egyption but site in egypt
2/23/2024 1:36,Frontend Developer,2,98000,Remotley,Full Time,Dubai,Not Egyption and site out of egypt
2/23/2024 1:37,Senior travel consultant ,6,10000,On Site,Full Time,Cairo,Egyption
2/23/2024 1:43,.NET Developer,3.5,58800,Remotley,Full Time,KSA ,Not Egyption and site out of egypt
2/23/2024 1:44,.NET Developer,3.5,49000,Remotley,Full Time,USA,Not Egyption but site in egypt
2/23/2024 1:45,Devops Engineer,7,80000,Hybird,Full Time,,Egyption
2/23/2024 1:49,software engineer,1,44000,Hybird,Full Time,Alexandria,Egyption
2/23/2024 1:49,SAP Developer ,4,68600,Remotley,Full Time,Riadyh,Not Egyption and site out of egypt
2/23/2024 1:55,AI Engineer,3,20000,On Site,Full Time,,Egyption
2/23/2024 1:56,Frontend Developer,2,39200,Remotley,Full Time,جده,Not Egyption and site out of egypt
2/23/2024 1:57,data analyst,0,8000,On Site,Full Time,Cairo,Egyption
2/23/2024 2:00,IT support,3,3000,On Site,Full Time,Minia,Egyption
2/23/2024 2:01,.NET Developer,4,45000,Hybird,Full Time,Cairo,Egyption
2/23/2024 2:02,Desk top,5,5000,On Site,Full Time,Cairo,Egyption
2/23/2024 2:03,Engineer irrigation ,3,8000,On Site,Full Time,Cairo ,Egyption
2/23/2024 2:04,Planning engineer,6,23000,On Site,Full Time,Cairo,Egyption
2/23/2024 2:07,Android Developer,2,16000,Remotley,Full Time,"Cairo, Egypt ",Egyption
2/23/2024 2:10,.NET Developer,3,39000,Hybird,Full Time,,Egyption
2/23/2024 2:15,Data management engineer,1,6000,Hybird,Full Time,Alexandria,Egyption
2/23/2024 2:22,software engineer,3,307800,On Site,Full Time,Riyadh Saudi ,Not Egyption and site out of egypt
2/23/2024 2:25,IT support,5,40000,Hybird,Full Time,Cairo,Egyption
2/23/2024 2:27,Reliability engineer,3,16000,Hybird,Full Time,Cairo,Egyption
2/23/2024 2:33,Data Engineer,4,264600,Remotley,Full Time,Berlin,Not Egyption and site out of egypt
2/23/2024 2:41,Data Scientist,2,26000,Hybird,Full Time,Cairo,Egyption
2/23/2024 2:41,Full Stack Developer,5,13000,Hybird,Full Time,Cairo,Egyption
2/23/2024 2:45,Full Stack Developer,5,13000,Hybird,Full Time,Cairo,Egyption
2/23/2024 2:46,Solution Architect,3,20000,On Site,Full Time,Cairo ,Not Egyption but site in egypt
2/23/2024 2:58,Full Stack Developer,2,39300,Hybird,Full Time,Cairo,Not Egyption but site in egypt
2/23/2024 3:05,Java developer,0.5,14000,Hybird,Full Time,Cairo,Egyption
2/23/2024 3:05,Project manager (site engineer),6,10000,On Site,Full Time,Fifth settlement ,Egyption
2/23/2024 3:06,Java developer,0,13000,On Site,Full Time,Asyut,Not Egyption but site in egypt
2/23/2024 3:13,Junior odoo dev,0,15000,Hybird,Full Time,Cairo,Egyption
2/23/2024 3:23,Machine Learning Engineer,1,20000,Hybird,Full Time,,Not Egyption but site in egypt
2/23/2024 3:25,COO,15,20000,Hybird,Full Time,,Egyption
2/23/2024 3:27,Systems Engineer ,0,12000,On Site,Full Time,,Egyption
2/23/2024 3:33,Senior Product Designer,8,44000,Hybird,Full Time,Cairo ,Egyption
2/23/2024 4:16,Backend Developer,1,16000,Hybird,Full Time,Cairo ,Egyption
2/23/2024 4:20,Android Developer,4,16000,Hybird,Full Time,"Cairo, Egypt",Egyption
2/23/2024 4:20,Java developer,1,14000,Hybird,Full Time,Cairo,Egyption
2/23/2024 4:26,software engineer,9,75000,On Site,Full Time,Cairo,Egyption
2/23/2024 4:32,tech support,2.5,22000,Hybird,Full Time,cairo,Not Egyption but site in egypt
2/23/2024 4:38,Senior Site Reliability Engineer,3,98000,Hybird,Full Time,Cairo/US,Egyption
2/23/2024 4:41,Android Developer,2,20000,Hybird,Full Time,October ,Egyption
2/23/2024 4:53,Java developer,4.5,32000,Hybird,Full Time,,Not Egyption but site in egypt
2/23/2024 5:11,software engineer,2,15000,Hybird,Full Time,Cairo,Egyption
2/23/2024 5:11,software engineer,3,65000,Remotley,Full Time,USA,Not Egyption and site out of egypt
2/23/2024 5:25,Customer Service Executive ,3,11000,On Site,Full Time,Cairo,Egyption
2/23/2024 5:26,Android Developer,4,60000,Hybird,Full Time,Cairo,Egyption
2/23/2024 5:39,Backend Developer,1,7000,On Site,Full Time,Cairo ,Egyption
2/23/2024 5:45,PHP Developer,4,45000,Remotley,Full Time,Cairo ,Egyption
2/23/2024 6:04,PHP Developer,2,8000,Remotley,Full Time,Kuwait,Not Egyption and site out of egypt
2/23/2024 6:04,Frontend Developer,7,196000,Remotley,Full Time,,Not Egyption and site out of egypt
2/23/2024 6:08,software engineer,3,25000,Hybird,Full Time,Cairo,Egyption
2/23/2024 6:09,Senior Key Account Manager ,3,15000,Hybird,Full Time,Cairo ,Egyption
2/23/2024 6:13,Android Developer,1.5,13400,Remotley,Full Time,Cairo,Not Egyption but site in egypt
2/23/2024 6:31,Oracle Consultant ,1.5,12000,Remotley,Full Time,Cairo ,Egyption
2/23/2024 6:32,Backend Developer - Java,0,25000,On Site,Full Time,Cairo ,Egyption
2/23/2024 6:34,Property consultant ,1,6000,On Site,Full Time,Cairo,Egyption
2/23/2024 6:51,software engineer,3,27000,Remotley,Full Time,Alexandria,Egyption
2/23/2024 7:05,Performance Analyst,1,18000,On Site,Full Time,Cairo,Egyption
2/23/2024 7:07,.NET Developer,0.5,10000,Hybird,Full Time,Cairo,Egyption
2/23/2024 7:08,IT business analyst ,1,15000,On Site,Full Time,Giza,Egyption
2/23/2024 7:19,Machine Learning Engineer,0,49000,Remotley,Part Time,Dubai,Not Egyption and site out of egypt
2/23/2024 7:30,software engineer,1,15000,Hybird,Full Time,Cairo,Egyption
2/23/2024 7:31,.NET Developer,4,30000,On Site,Full Time,Cairo,Egyption
2/23/2024 7:39,Senior consultant media monitoring ,5,8000,Hybird,Full Time,Cairo,Egyption
2/23/2024 7:42,iOS Developer,4,31000,On Site,Full Time,Cairo ,Egyption
2/23/2024 7:58,Python Developer,2,22000,Hybird,Full Time,Cairo,Egyption
2/23/2024 8:16,Automation Engineer ,1,6000,On Site,Full Time,Cairo ,Egyption
2/23/2024 8:21,Junior Embedded linux engineer,0,26000,Hybird,Full Time,Smart village,Not Egyption but site in egypt
2/23/2024 8:23,Full Stack Developer,1,7000,Hybird,Full Time,Giza,Egyption
2/23/2024 8:24,Frontend Developer,1,8000,On Site,Full Time,"6 october, cairo",Egyption
2/23/2024 8:25,.NET Developer,3,10000,Remotley,Full Time,السعودية ,Not Egyption but site in egypt
2/23/2024 8:36,iOS Developer,5,38000,Hybird,Full Time,Cairo,Egyption
2/23/2024 8:40,UI/UX designer,1,2000,On Site,Full Time,,Egyption
2/23/2024 8:44,software engineer,4,30000,Remotley,Full Time,Dubai,Not Egyption and site out of egypt
2/23/2024 8:46,Junior business analyst ,1,8000,On Site,Full Time,Giza,Egyption
2/23/2024 8:47,data analyst,2,15000,Remotley,Full Time,Cairo ,Not Egyption but site in egypt
2/23/2024 8:47,software engineer,1.5,41650,Hybird,Full Time,Sheikh Zayed ,Not Egyption but site in egypt
2/23/2024 8:47,software testing,5,31000,Remotley,Full Time,"Jordan, Amman",Not Egyption but site in egypt
2/23/2024 8:53,Frontend Developer,1,5000,On Site,Full Time,,Egyption
2/23/2024 8:54,Frontend Developer,4,18000,Hybird,Full Time,shrouq,Egyption
2/23/2024 9:10,Flutter Developer,0.6,7000,On Site,Full Time,Mansoura ,Not Egyption but site in egypt
2/23/2024 9:11,technical office engineer,1,8000,Hybird,Full Time,cairo,Egyption
2/23/2024 9:16,Hr special ,1,6500,On Site,Full Time,Cairo,Egyption
2/23/2024 9:17,Data Engineer,1.5,58000,Hybird,Full Time,Cairo,Not Egyption but site in egypt
2/23/2024 9:26,PHP Developer,3,20000,Remotley,Full Time,Cairo,Not Egyption but site in egypt
2/23/2024 9:26,Frontend Developer - React,8,156800,Remotley,Full Time,Germany,Not Egyption and site out of egypt
2/23/2024 9:32,Quality control manger ,2,6000,On Site,Full Time,Cairo,Egyption
2/23/2024 9:35,Frontend Developer - React,4,156800,Remotley,Full Time,Germany,Not Egyption and site out of egypt
2/23/2024 9:36,Frontend Developer - React,3.5,37000,Hybird,Full Time,Cairo,Not Egyption but site in egypt
2/23/2024 9:37,Full Stack Developer,0.5,8000,On Site,Full Time,Nasr city,Egyption
2/23/2024 9:37,Data Scientist,1,30000,Hybird,Full Time,Cairo,Egyption
2/23/2024 9:38,Cybersecurity Engineer,1,17600,Hybird,Full Time,Cairo,Egyption
2/23/2024 9:38,B2b2c customer portal senior specialist ,3,35000,On Site,Full Time,Cairo,Egyption
2/23/2024 9:43,BI Team Lead,10,122500,Hybird,Full Time,Cairo,Not Egyption but site in egypt
2/23/2024 9:48,Coding Writer (Data Processing),9,35000,On Site,Full Time,Riyadh,Egyption
2/23/2024 9:50,data analyst,1,36750,Hybird,Full Time,"Cairo, Switzerland ",Egyption
2/23/2024 9:51,Full Stack Developer,1,7000,On Site,Full Time,Cairo,Egyption
2/23/2024 9:51,software engineer,1,12000,On Site,Full Time,cairo,Egyption
2/23/2024 9:53,Backend Developer,4,20000,Hybird,Full Time,Cairo,Not Egyption but site in egypt
2/23/2024 9:57,.NET Developer,7,53050,Hybird,Full Time,Cairo,Egyption
2/23/2024 9:58,Data Scientist,2,18000,On Site,Full Time,Maadi,Not Egyption but site in egypt
2/23/2024 10:02,Data Engineer,2,27000,Hybird,Full Time,"Smart village, Giza",Not Egyption but site in egypt
2/23/2024 10:03,Senior quality control,7,69000,Hybird,Full Time,kaa,Egyption
2/23/2024 10:12,Full Stack Developer,0,11000,On Site,Full Time,"Alexandria, Egypt",Egyption
2/23/2024 10:12,software engineer,3,50000,Hybird,Full Time,Cairo,Not Egyption but site in egypt
2/23/2024 10:14,Full Stack Developer,2,25000,Hybird,Full Time,Cairo,Egyption
2/23/2024 10:15,Java developer,4,40000,Remotley,Full Time,Cairo ,Egyption
2/23/2024 10:18,JavaScript Developer ,1,24000,On Site,Full Time,Cairo,Not Egyption but site in egypt
2/23/2024 10:20,Machine Learning Engineer,4,4000,Remotley,Full Time,"Toronto, Canada ",Not Egyption and site out of egypt
2/23/2024 10:24,software testing,1,15000,Hybird,Full Time,Cairo,Egyption
2/23/2024 10:27,Nodejs developer,1,7000,Hybird,Full Time,"Cairo, maadi",Egyption
2/23/2024 10:28,Senior Project Manager,10,61000,On Site,Full Time,Cairo,Egyption
2/23/2024 10:28,data analyst,4,35000,On Site,Full Time,Cairo,Not Egyption but site in egypt
2/23/2024 10:29,Oracle apex developer ,1,9500,On Site,Full Time,Cairo,Egyption
2/23/2024 10:47,.NET Developer,1,15000,On Site,Full Time,New cairo,Egyption
2/23/2024 10:48,Machine Learning Engineer,4,196000,Remotley,Full Time,USA,Not Egyption and site out of egypt
2/23/2024 10:51,Full Stack Developer,3,122000,Hybird,Full Time,,Not Egyption but site in egypt
2/23/2024 10:55,Software Business Analysis ,1,28000,Remotley,Full Time,Cairo,Not Egyption but site in egypt
2/23/2024 10:55,PHP Developer,1,6000,On Site,Full Time,Alexandria,Egyption
2/23/2024 10:57,BI Developer,0,14000,On Site,Full Time,Cairo ,Egyption
2/23/2024 11:02,Frontend Developer,2,10000,On Site,Full Time,6 of October ,Egyption
2/23/2024 11:12,Full Stack Developer,2,147000,Hybird,Full Time,cairo,Not Egyption but site in egypt
2/23/2024 11:16,Technical director ,19,40000,Hybird,Full Time,Alexander ,Egyption
2/23/2024 11:17,Backend Developer,2,20000,On Site,Full Time,Makram,Egyption
2/23/2024 11:21,Frontend Developer - Angular,4,73500,Hybird,Full Time,Mersin ,Not Egyption and site out of egypt
2/23/2024 11:24,Frontend Developer,0,14700,On Site,Full Time,,Egyption
2/23/2024 11:29,WordPress developer,3,24500,On Site,Full Time,Cairo,Egyption
2/23/2024 11:31,Developer,4,20000,On Site,Full Time,Cairo,Egyption
2/23/2024 11:33,software testing,2,32000,Hybird,Full Time,Cairo ,Not Egyption but site in egypt
2/23/2024 11:34,Frontend Developer,3,6000,On Site,Part Time,alexandria,Egyption
2/23/2024 11:35,PHP Developer,0,6000,On Site,Full Time,,Egyption
2/23/2024 11:38,Physical Security Manager,20,42000,On Site,Full Time,Cairo,Egyption
2/23/2024 11:38,Full Stack .NET Developer,1,17000,Hybird,Full Time,Mansoura,Not Egyption but site in egypt
2/23/2024 11:41,Devops Engineer,5,30000,On Site,Full Time,,Egyption
2/23/2024 11:41,Oracle HCM Functional Consultant ,0,13000,Hybird,Full Time,Cairo,Egyption
2/23/2024 11:43,BI Developer,2,63700,Hybird,Full Time,Dubai,Not Egyption but site in egypt
2/23/2024 11:45,Integration Engineer/Middleware Developer ,1,20000,Remotley,Full Time,Smart village ,Not Egyption but site in egypt
2/23/2024 11:47,Performance Analyst,1,19000,Hybird,Full Time,Cairo,Egyption
2/23/2024 11:53,.NET Developer,4,36000,Hybird,Full Time,Cairo,Not Egyption but site in egypt
2/23/2024 11:53,Devops Engineer,1,12000,On Site,Full Time,Smart Village - Giza ,Egyption
2/23/2024 11:56,Marketing executive ,2,15000,On Site,Full Time,Cairo,Egyption
2/23/2024 11:56,IBM BPM Developer,2,18000,Hybird,Full Time,Giza,Not Egyption but site in egypt
2/23/2024 11:56,IT support,6,20000,On Site,Full Time,Cairo,Egyption
2/23/2024 11:58,Senior Application Support Engineer,5,12000,Remotley,Full Time,Cairo,Egyption
2/23/2024 12:01,Social media specialist ,1,2750,On Site,Full Time,Benha ,Egyption
2/23/2024 12:01,PHP Developer,0,5000,On Site,Full Time,Giza,Egyption
2/23/2024 12:03,Software resting level 2,3,24000,Hybird,Full Time,Cairo,Egyption
2/23/2024 12:09,IT support,4,10000,Hybird,Full Time,Giza,Egyption
2/23/2024 12:13,Flutter Developer,0,8000,Hybird,Full Time,Cairo,Egyption
2/23/2024 12:18,Backend Developer,4,68600,Hybird,Full Time,Cairo,Not Egyption but site in egypt
2/23/2024 12:19,software engineer,4,98000,Hybird,Full Time,Cairo,Not Egyption but site in egypt
2/23/2024 12:20,Data Engineer,2,46000,Remotley,Full Time,London,Not Egyption but site in egypt
2/23/2024 12:21,Data Engineer,3,142000,Remotley,Full Time,Newyork,Not Egyption and site out of egypt
2/23/2024 12:21,Systems engineer ,1,9000,On Site,Full Time,Cairo,Egyption
2/23/2024 12:22,Solution Architect,0,8000,On Site,Full Time,Cairo,Egyption
2/23/2024 12:35,Frontend Developer,0,70000,On Site,Full Time,,Egyption
2/23/2024 12:37,BI Developer,3,30000,Hybird,Full Time,Cairo,Not Egyption but site in egypt
2/23/2024 12:40,Full Stack .NET Developer,1.5,15000,Remotley,Part Time,Cairo,Not Egyption but site in egypt
2/23/2024 12:42,Frontend Developer - React,2,10000,Remotley,Full Time,Alex,Egyption
2/23/2024 12:46,Devops Engineer,2,60000,Remotley,Full Time,Cairo,Not Egyption but site in egypt
2/23/2024 12:55,software engineer,2,70000,Hybird,Full Time,Cairo,Egyption
2/23/2024 12:55,Application support engineer ,5,23000,On Site,Full Time,Cairo,Egyption
2/23/2024 12:59, Engineer,9,30000,On Site,Full Time,,Not Egyption and site out of egypt
2/23/2024 13:02,Devops Engineer,2,34000,Remotley,Full Time,Cairo,Egyption
2/23/2024 13:03,software testing,3,11000,On Site,Full Time,Cairo,Egyption
2/23/2024 13:06,Engineer,4,30000,On Site,Full Time,Cairo,Egyption
2/23/2024 13:06,Android Developer,2,98000,Hybird,Full Time,Saudi arabia ,Not Egyption but site in egypt
2/23/2024 13:09,Web Developer,1.5,10000,Hybird,Full Time,Giza,Not Egyption but site in egypt
2/23/2024 13:10,Application support lead ,11,37000,Hybird,Full Time,Cairo ,Egyption
2/23/2024 13:11,data analyst,1.5,30000,Hybird,Full Time,Cairo,Not Egyption but site in egypt
2/23/2024 13:12,Site Engineer ,6,14000,On Site,Full Time,New administrative capital ,Egyption
2/23/2024 13:13,Android Developer,3,23000,Hybird,Full Time,Cairo,Egyption
2/23/2024 13:14,Laravel,0,3000,Remotley,Part Time,Cairo,Not Egyption but site in egypt
2/23/2024 13:15,Data Engineer,5,297000,On Site,Full Time,Riyadh,Not Egyption and site out of egypt
2/23/2024 13:19,Marketing Director ,5,114900,Remotley,Full Time,Jeddah,Not Egyption and site out of egypt
2/23/2024 13:19,Backend Developer,1,10000,On Site,Full Time,Cairo,Egyption
2/23/2024 13:22,Android Developer,5,60000,Remotley,Full Time,Cairo ,Egyption
2/23/2024 13:24,Full Stack react Developer,1,12000,Remotley,Full Time,US,Not Egyption and site out of egypt
2/23/2024 13:27,Site manager ,10,12584,On Site,Full Time,Cairo ,Egyption
2/23/2024 13:30,Data Engineer,3,36000,Hybird,Full Time,Cairo,Not Egyption but site in egypt
2/23/2024 13:31,Junior Application support officer,2,15700,On Site,Full Time,Madinaty,Egyption
2/23/2024 13:33,Android Developer,4,20000,On Site,Full Time,Alexandria,Not Egyption but site in egypt
2/23/2024 13:36,Seo specialist ,2,5000,On Site,Full Time,Mansoura ,Egyption
2/23/2024 13:38,software engineer,2,10000,On Site,Full Time,,Egyption
2/23/2024 13:38,Business Applications Support Team Leader ,7,18000,On Site,Full Time,Alexandria,Egyption
2/23/2024 13:51,Business applications support engineer ,1,12700,On Site,Full Time,Cairo ,Egyption
2/23/2024 13:53,HRMS Senior specialist,2,21000,On Site,Full Time,Giza,Egyption
2/23/2024 13:56,Ecu hardware design engineer,4,14500,Hybird,Full Time,Cairo,Not Egyption but site in egypt
2/23/2024 14:00,Full Stack Developer,2,15000,Remotley,Full Time,,Egyption
2/23/2024 14:00,Business analyst,4,45000,Remotley,Full Time,Cairo,Egyption
2/23/2024 14:01,Python Developer,1,35000,Hybird,Full Time,Mansoura,Egyption
2/23/2024 14:05,Frontend Developer,3,15500,Remotley,Full Time,Cairo,Egyption
2/23/2024 14:08,Data Science & Analytics,0,3000,Hybird,Part Time,Cairo,Egyption
2/23/2024 14:10,Blockchain Developer (Web3),9,420000,Remotley,Full Time,New York,Egyption
2/23/2024 14:12,Frontend Developer - React,1,17500,Remotley,Full Time,,Not Egyption but site in egypt
2/23/2024 14:12,Junior Application Support  ,2,16800,On Site,Full Time,Cairo,Egyption
2/23/2024 14:14,Frontend Developer,5,147000,Hybird,Full Time,Riyadh,Not Egyption but site in egypt
2/23/2024 14:15,Data Scientist,1,7000,Hybird,Full Time,Cairo,Egyption
2/23/2024 14:19,software engineer,1,24500,Remotley,Full Time,cairo,Egyption
2/23/2024 14:25,Backend Developer,0,8000,Remotley,Full Time,Cairo,Not Egyption and site out of egypt
2/23/2024 14:20,Application Support specialist ,1,17550,Hybird,Full Time,Cairo ,Egyption
2/23/2024 14:24,Oracle Technical Consultant,0,13000,Remotley,Full Time,Jeddah,Not Egyption and site out of egypt
2/23/2024 14:27,General Accountan ,3,9300,On Site,Full Time,,Egyption
2/23/2024 14:27,Linux System administrator ,1,5000,On Site,Full Time,,Egyption
2/23/2024 14:27,PHP Developer,1,5000,Remotley,Full Time,6-Oct,Egyption
2/23/2024 14:28,Application Support Engineer ,2,15000,On Site,Full Time,Cairo ,Egyption
2/23/2024 14:29,data analyst,1,17000,Hybird,Full Time,Cairo,Egyption
2/23/2024 14:32,Technical Support Engineer,7,14500,On Site,Full Time,New Cairo,Egyption
2/23/2024 14:32,Senior Outsystems developer ,6,53000,On Site,Full Time,Cairo ,Egyption
2/23/2024 14:32,Full Stack java Developer,6,22000,Hybird,Full Time,"Giza, smart village",Egyption
2/23/2024 14:33,Full Stack Developer,24,171500,Remotley,Part Time,"Amman,Cairo,Dubai",Not Egyption but site in egypt
2/23/2024 14:41,MERN stack developer,0,7500,On Site,Full Time,cairo,Egyption
2/23/2024 14:43,PHP Developer,11,122500,Remotley,Full Time,dubai,Not Egyption and site out of egypt
2/23/2024 14:46,Full Stack node Developer,1,8000,Remotley,Full Time,California and Cairo ,Not Egyption but site in egypt
2/23/2024 14:47,Data Management Engineer ,3,10000,On Site,Full Time,Cairo,Egyption
2/23/2024 14:48,Solution Architect,5,20000,On Site,Full Time,Elgouna ,Egyption
2/23/2024 14:48,Flutter Developer,3,60000,Hybird,Full Time,Cairo,Egyption
2/23/2024 14:48,Android Developer,2.5,12000,Remotley,Full Time,"Riyadh, Saudi Arabia",Not Egyption and site out of egypt
2/23/2024 14:48,Full Stack .NET Developer,1,10000,On Site,Full Time,cairo,Egyption
2/23/2024 14:48,Full Stack Developer,1,14000,On Site,Full Time,Cairo,Egyption
2/23/2024 14:49,Database Administrator ,1,12000,On Site,Full Time,Cairo,Egyption
2/23/2024 14:51,Android Developer,2.5,29400,Remotley,Full Time,"Riyadh, Saudi Arabia",Not Egyption and site out of egypt
2/23/2024 14:55,Full Stack Developer,3,28000,On Site,Full Time,Cairo,Egyption
2/23/2024 14:56,Backend Developer,1,24500,Remotley,Full Time,,Egyption
2/23/2024 14:59,Oracle fusion administrator ,2.5,11500,On Site,Full Time,Alex,Egyption
2/23/2024 15:02,GIS developer,3,9800,Remotley,Part Time,,Not Egyption and site out of egypt
2/23/2024 15:06,Backend Developer - Ruby on Rails,2,26000,Remotley,Full Time,,Egyption
2/23/2024 15:07,Technical Support,4,13000,Hybird,Full Time,Dubai,Not Egyption but site in egypt
2/23/2024 15:08,Java developer,2,13000,On Site,Full Time,Giza,Egyption
2/23/2024 15:11,Technical support engineer (software),3,10000,Remotley,Full Time,Cairo,Egyption
2/23/2024 15:14,software engineer,1,13000,Hybird,Full Time,Cairo,Egyption
2/23/2024 15:17,data analyst,2,50000,Hybird,Full Time,Cairo,Not Egyption but site in egypt
2/23/2024 15:18,Software development engineer ,0,40000,Hybird,Full Time,Cairo,Not Egyption but site in egypt
2/23/2024 15:19,Senior system engineer ,5,30000,Hybird,Full Time,Cairo,Egyption
2/23/2024 15:24,Frontend Developer,2,10000,Remotley,Full Time,Cairo,Egyption
2/23/2024 15:25,Android Developer,5,58800,Remotley,Full Time,,Not Egyption but site in egypt
2/23/2024 15:25,AI Engineer,5,25000,Hybird,Part Time,Cairo,Egyption
2/23/2024 15:27,software engineer,2,28000,Remotley,Full Time,Riyad,Not Egyption and site out of egypt
2/23/2024 15:27,Full Stack java Developer,1,11000,Hybird,Full Time,Cairo,Egyption
2/23/2024 15:33,software testing,0,38500,On Site,Full Time,"Amman,Jordan",Not Egyption and site out of egypt
2/23/2024 15:39,BI Developer,6,33000,Remotley,Full Time,Cairo,Egyption
2/23/2024 15:41,Frontend Developer,0,14000,Remotley,Full Time,,Not Egyption but site in egypt
2/23/2024 15:41,IT support,12,8000,On Site,Full Time,Cairo,Egyption
2/23/2024 15:44,Full Stack react Developer,3,16000,Hybird,Full Time,6 of October ,Egyption
2/23/2024 15:45,software engineer,1.5,24500,Hybird,Full Time,Cairo,Not Egyption but site in egypt
2/23/2024 15:52,Automation Engineer,10,63600,Hybird,Full Time,Copenhagen,Not Egyption and site out of egypt
2/23/2024 15:57,oracle consultant ,2,10000,On Site,Full Time,cairo,Egyption
2/23/2024 15:58,Full Stack Developer,2,12000,Hybird,Full Time,Cairo,Egyption
2/23/2024 15:58,Customer service agent,1,12500,Hybird,Full Time,Cairo,Not Egyption but site in egypt
2/23/2024 16:03,Frontend Developer - React,1,20000,Hybird,Full Time,Cairo,Egyption
2/23/2024 16:07,Application support specialist ,1,15000,On Site,Full Time,Cairo,Egyption
2/23/2024 16:11,Frontend Developer,3.5,12000,Remotley,Part Time,Cairo ,Not Egyption but site in egypt
2/23/2024 16:13,data analyst,1,17500,Hybird,Full Time,,Egyption
2/23/2024 16:14,programmer,3,73500,Remotley,Full Time,Cairo ,Not Egyption and site out of egypt
2/23/2024 16:14,software engineer,2,11000,On Site,Full Time,"Egypt , Smart Village ",Not Egyption but site in egypt
2/23/2024 16:18,UI/UX designer,1,15000,On Site,Full Time,Dubai,Not Egyption but site in egypt
2/23/2024 16:26,UI/UX designer,1,7000,On Site,Full Time,Cairo,Not Egyption but site in egypt
2/23/2024 16:27,Data modeler ,4,25000,Hybird,Full Time,,Egyption
2/23/2024 16:31,Embedded developer,10,34300,Hybird,Full Time,Cairo,Egyption
2/23/2024 16:34,Backend Developer,0,22500,Remotley,Full Time,,Not Egyption and site out of egypt
2/23/2024 16:39,data analyst,1,10000,On Site,Full Time,Cairo,Egyption
2/23/2024 16:54,Siebel developer,1.5,12000,On Site,Full Time,Cairo,Not Egyption but site in egypt
2/23/2024 16:57,System integration developer ,2,20000,On Site,Full Time,Cairo,Egyption
2/23/2024 16:58,Devops Engineer,3,60000,Hybird,Full Time,Cairo,Not Egyption but site in egypt
2/23/2024 17:07,JavaScript Developer ,3,30000,On Site,Full Time,,Egyption
2/23/2024 17:09,Oracle developer,3,24000,On Site,Full Time,CAIRO,Egyption
2/23/2024 17:13,ORACLE DEVELOPER,2.5,54000,Remotley,Full Time,,Not Egyption but site in egypt
2/23/2024 17:14,software engineer,0,12000,Hybird,Full Time,Cairo ,Egyption
2/23/2024 17:18,data analyst,1,6000,On Site,Full Time,Cairo,Egyption
2/23/2024 17:18,Full Stack react Developer,0,11000,Hybird,Full Time,,Egyption
2/23/2024 17:19,Account Manager,5,20000,Remotley,Full Time,Dubai,Not Egyption and site out of egypt
2/23/2024 17:27,Network Engineer,10,43000,On Site,Full Time,Cairo ,Egyption
2/23/2024 17:43,Logistics Coordinator ,0,4000,Hybird,Full Time,cairo ,Egyption
2/23/2024 18:17,Frontend Developer,2.5,7300,On Site,Full Time,Cairo,Egyption
2/23/2024 18:31,software engineer,0,7000,On Site,Full Time,Cairo,Egyption
2/23/2024 18:36,Machine Learning Engineer,0,15000,Hybird,Full Time,Cairo,Egyption
2/23/2024 18:40,Frontend Developer,2,27000,On Site,Full Time,Cairo ,Not Egyption but site in egypt
2/23/2024 18:40,Java developer,2,14000,On Site,Full Time,Alexanderia,Egyption
2/23/2024 18:41,Backend Developer,4,83300,Remotley,Full Time,,Not Egyption and site out of egypt
2/23/2024 18:46,Frontend Developer,0,14500,Hybird,Full Time,Cairo,Egyption
2/23/2024 18:51,Backend Developer - Django,1,31850,Hybird,Full Time,Cairo,Not Egyption but site in egypt
2/23/2024 18:52,Dermatologist ,1,20000,On Site,Full Time,Cairo,Egyption
2/23/2024 18:56,.NET Developer,0,12000,Hybird,Full Time,Cairo,Egyption
2/23/2024 18:57,Application Support ,1.5,17000,Hybird,Full Time,Cairo ,Egyption
2/23/2024 19:12,projects engineer ,1,8000,On Site,Full Time,cairo,Egyption
2/23/2024 19:13,Clinical information solutions specialist,12,26000,Hybird,Full Time,Cairo,Egyption
2/23/2024 19:13,.NET Developer,0,10000,On Site,Full Time,Cairo ,Egyption
2/23/2024 19:16,Backend Developer - Node.js,1,15000,Remotley,Full Time,Cairo,Egyption
2/23/2024 19:19,.NET Developer,1,15000,Hybird,Full Time,"maadi/cairo , KSA",Not Egyption but site in egypt
2/23/2024 19:29,Java developer,1,12250,On Site,Full Time,Alexandria ,Egyption
2/23/2024 19:31,Frontend Developer,1,20000,On Site,Full Time,Cairo,Egyption
2/23/2024 19:32,SOC Analyst,2,14500,On Site,Full Time,Cairo,Not Egyption but site in egypt
2/23/2024 19:42,.NET Developer,1.3,12000,Remotley,Full Time,Cairo,Egyption
2/23/2024 19:58,iOS Developer,7,68600,Remotley,Full Time,Jeddah,Not Egyption and site out of egypt
2/23/2024 20:02,Operation Analyst,4,12000,On Site,Full Time,Cairo,Egyption
2/23/2024 20:07,Application Support linux and application functionality ,4,20000,On Site,Full Time,Cairo,Egyption
2/23/2024 20:08,Frontend Developer,2,20000,Remotley,Full Time,"Cairo, Zamalic",Egyption
2/23/2024 20:23,Team Lead,7,51000,Hybird,Full Time,"cairo, riyadh",Egyption
2/23/2024 20:27,Full Stack .NET Developer,1,12000,Remotley,Full Time,Kuwait,Egyption
2/23/2024 20:33,Flutter Developer,0,8000,On Site,Full Time,Mansoura,Egyption
2/23/2024 20:33,computer vision engineer,2,20000,Remotley,Full Time,cairo,Not Egyption but site in egypt
2/23/2024 20:40,Data Engineer,1.5,22000,Hybird,Full Time,Cairo,Egyption
2/23/2024 20:58,Solution Architect,1.5,7500,On Site,Full Time,Dubai,Not Egyption but site in egypt
2/23/2024 21:02,Senior Application support,16,30000,On Site,Full Time,,Egyption
2/23/2024 21:17,Cybersecurity Engineer ,3,35000,Hybird,Full Time,Cairo ,Not Egyption but site in egypt
2/23/2024 21:24,Full Stack Developer,0,14000,Remotley,Full Time,Cairo,Egyption
2/23/2024 21:52,Odoo Implementer,1,10000,On Site,Full Time,Cairo ,Egyption
2/23/2024 21:52,data analyst,4.5,33000,Hybird,Full Time,Cairo,Egyption
2/23/2024 21:53,PHP Developer,2,29000,On Site,Full Time,cairo,Egyption
2/23/2024 22:11,.NET Developer,4,58800,Remotley,Full Time,Dubai,Not Egyption and site out of egypt
2/23/2024 22:27,Engineering manager ,5,39200,Remotley,Part Time,,Egyption
2/23/2024 22:39,Frontend Developer,4,50000,Hybird,Full Time,Cairo ,Egyption
2/23/2024 22:44,Software Validation Engineer,0,49000,Hybird,Full Time,Cairo,Not Egyption but site in egypt
2/23/2024 22:45,Product manager,6,200000,On Site,Full Time,,Not Egyption but site in egypt
2/23/2024 22:51,Cyber security engineer ,0,25000,Hybird,Full Time,,Egyption
2/23/2024 22:52,Integration Specialist ,1.3,8000,On Site,Full Time,Cairo,Egyption
2/23/2024 22:59,Flutter Developer,1,20000,Hybird,Full Time,Cairo,Not Egyption but site in egypt
2/23/2024 23:08,PHP Developer,1,2000,Hybird,Full Time,Beni-suef ,Egyption
2/23/2024 23:28,Devops Engineer,1,24000,Remotley,Full Time,Cairo,Egyption
2/23/2024 23:36,data analyst,1,24500,On Site,Full Time,Saudi Arabia,Egyption
2/23/2024 23:38,C++ Developer,0,20000,On Site,Full Time,Cairo,Egyption
2/23/2024 23:41,software engineer,2,15000,Hybird,Full Time,Cairo,Egyption
2/23/2024 23:49,Coding Instructor,0,6600,Remotley,Part Time,Cairo,Egyption
2/24/2024 0:02,.NET Developer,2,15000,Hybird,Full Time,,Egyption
2/24/2024 0:03,Full Stack Developer,6,30000,Remotley,Part Time,,Egyption
2/24/2024 0:16,.NET Developer,1,17000,Hybird,Full Time,Cairo ,Egyption
2/24/2024 0:18,Solution Architect,1,8800,On Site,Full Time,Cairo ,Egyption
2/24/2024 0:38,.NET Developer,4,21000,Hybird,Full Time,Cairo,Not Egyption but site in egypt
2/24/2024 0:40,Full Stack Developer,0,8000,Hybird,Full Time,Cairo ,Egyption
2/24/2024 0:43,Backend Developer,0,24500,Remotley,Full Time,"Riyadh, Saudi Arabia ",Not Egyption and site out of egypt
2/24/2024 0:57,Data Scientist,0,20000,Remotley,Full Time,cairo,Egyption
2/24/2024 1:10,Senior business analyst ,3,40000,Hybird,Full Time,,Not Egyption but site in egypt
2/24/2024 1:11,Solution Architect,4,22000,On Site,Full Time,Cairo,Egyption
2/24/2024 1:12,.NET Developer,6,60000,Hybird,Full Time,Dubai,Not Egyption but site in egypt
2/24/2024 1:21,Application Support Engineer,4,30000,On Site,Full Time,Cairo ,Egyption
2/24/2024 1:36,Frontend Developer,1,15400,Hybird,Full Time,Cairo,Egyption
2/24/2024 1:36,Full Stack Developer,3,60000,On Site,Full Time,cairo,Egyption
2/24/2024 1:43,Full Stack Python Developer,1,20000,Remotley,Full Time,Texas ,Not Egyption and site out of egypt
2/24/2024 1:54,data analyst,1,13000,Hybird,Full Time,Cairo,Egyption
2/24/2024 1:55,iOS Developer,2,18000,Hybird,Full Time,Kuwait ,Not Egyption but site in egypt
2/24/2024 2:01,Quality assurance especialist,2,4500,On Site,Full Time,Cairo,Egyption
2/24/2024 2:32,Data Scientist,2,35000,Hybird,Full Time,Cairo,Egyption
2/24/2024 2:33,Mep engineer,5,100000,On Site,Full Time,Cairo,Not Egyption but site in egypt
2/24/2024 2:36,Senior application support ,4,27500,On Site,Full Time,Nasr city ,Egyption
2/24/2024 4:30,Sr. RPA Developer,4,29500,Hybird,Full Time,Giza,Egyption
2/24/2024 4:44,BMC Remedy Developer (low code),1,20000,Hybird,Full Time,Cairo,Not Egyption but site in egypt
2/24/2024 4:49,Web developer,0,9000,Remotley,Full Time,KSA,Not Egyption but site in egypt
2/24/2024 4:58,IT support,5,10000,Remotley,Part Time,Cairo ,Not Egyption but site in egypt
2/24/2024 5:08,Backend Developer,5,36000,Remotley,Full Time,Cairo,Egyption
2/24/2024 5:41,Sr. Technical Support (NOC Specialist),3,16000,Hybird,Full Time,Cairo,Egyption
2/24/2024 6:17,PHP Developer,3.5,28000,On Site,Full Time,Cairo ,Egyption
2/24/2024 7:24,Gis instructor,2,17800,On Site,Full Time,Cairo,Not Egyption but site in egypt
2/24/2024 9:23,UI/UX designer,2,9000,On Site,Full Time,Alexandria,Egyption
2/24/2024 9:41,PHP Developer,10,100000,On Site,Full Time,El Doqy,Egyption
2/24/2024 9:54,PHP Developer,5,48000,Remotley,Part Time,Cairo,Egyption
2/24/2024 9:59,software testing,4,30000,Hybird,Full Time,Cairo,Egyption
2/24/2024 10:00,Sr. applications support ,10,50000,On Site,Full Time,Cairo,Egyption
2/24/2024 10:20,Business Intelligence Engineer,1,28000,Hybird,Full Time,Cairo,Egyption
2/24/2024 10:39,Android Developer,4,30000,Hybird,Full Time,,Egyption
2/24/2024 10:54,Data Scientist,2,21200,Hybird,Full Time,,Not Egyption but site in egypt
2/24/2024 11:00,Full Stack .NET Developer,2,31850,Remotley,Full Time,"Cairo , Saudi Arabia",Not Egyption but site in egypt
2/24/2024 11:40,Frontend Developer - Angular,1,15600,Hybird,Full Time,Cairo,Egyption
2/24/2024 11:44,Cable Testing engineer ,2,10000,On Site,Full Time,Giza,Egyption
2/24/2024 11:52,Network Engineer,3,17000,Remotley,Full Time,Cairo,Egyption
2/24/2024 11:53,Senior application support ,5,30000,On Site,Full Time,Cairo ,Not Egyption but site in egypt
2/24/2024 12:14,data analyst,5,23000,On Site,Full Time,Giza,Egyption
2/24/2024 12:15,Frontend Developer,1.5,24000,Hybird,Full Time,Giza,Egyption
2/24/2024 12:16,data analyst,3,16000,Hybird,Full Time,Giza,Egyption
2/24/2024 12:24,SAP Application Developer ,2,20000,Hybird,Full Time,Cairo ,Not Egyption but site in egypt
2/24/2024 12:32,Frontend Developer,2,15000,Hybird,Full Time,Cairo,Egyption
2/24/2024 13:01,Javascript developer,1,20000,On Site,Full Time,Cairo,Egyption
2/24/2024 13:09,Mern stack developer ,2,17000,Remotley,Full Time,,Not Egyption and site out of egypt
2/24/2024 13:35,Embedded SW test engineer,2,32000,On Site,Full Time,,Not Egyption but site in egypt
2/24/2024 14:25,Machine Learning Engineer,3,35000,Remotley,Full Time,,Egyption
2/24/2024 14:38,Flutter Developer,0,8000,Remotley,Full Time,Dubai,Not Egyption and site out of egypt
2/24/2024 14:39,UI/UX designer,1,7000,Hybird,Full Time,Cairo,Egyption
2/24/2024 14:49,Senior IT infrastructure Engineer,4,45000,Hybird,Full Time,Cairo,Not Egyption but site in egypt
2/24/2024 14:52,Full Stack .NET Developer,10,50000,Hybird,Full Time,KSA,Not Egyption but site in egypt
2/24/2024 15:45,software testing,10,50000,On Site,Full Time,,Egyption
2/24/2024 15:46,software enginner,7,38000,Hybird,Full Time,Alexandria ,Not Egyption but site in egypt
2/24/2024 15:46,Frontend Developer,0,7000,On Site,Full Time,Alexandria ,Egyption
2/24/2024 16:02,Django developer,1,8000,Hybird,Full Time,Cairo,Egyption
2/24/2024 16:07,Technical Engineer,2,9500,Hybird,Full Time,Cairo,Egyption
2/24/2024 16:41,Full Stack Developer,1.2,11000,Hybird,Full Time,Cairo,Egyption
2/24/2024 16:47,Flutter Developer,3,27500,Hybird,Full Time,cairo,Egyption
2/24/2024 16:52,Backend Developer,1,10000,On Site,Full Time,Cairo,Egyption
2/24/2024 17:02,.NET Developer,1,27000,On Site,Full Time,Cairo smart village,Egyption
2/24/2024 17:36,Senior Application Support Engineer,15,40000,Remotley,Full Time,Cairo,Not Egyption but site in egypt
2/24/2024 18:24,data analyst,1,23000,Hybird,Full Time,Cairo ,Egyption
2/24/2024 18:27,Operations associate,1,20000,Hybird,Full Time,"Cairo,egypt",Not Egyption but site in egypt
2/24/2024 18:52,Frontend Developer,1,18500,On Site,Full Time,,Not Egyption but site in egypt
2/24/2024 19:44,.NET Developer,0,5500,Remotley,Part Time,,Not Egyption but site in egypt
2/24/2024 20:11,Flutter Developer,3,25000,Remotley,Full Time,Cairo ,Egyption
2/24/2024 20:17,Flutter Developer,2,19600,Remotley,Full Time,Canada and Iraq,Egyption
2/24/2024 20:30,UI/UX designer,0,6600,Hybird,Full Time,"Cairo, Maadi",Not Egyption but site in egypt
2/24/2024 20:33,software testing,1.5,5000,Remotley,Full Time,cairo,Egyption
2/24/2024 22:03,PHP Developer,0,15000,On Site,Full Time,"Cairo,Saudi ",Not Egyption but site in egypt
2/24/2024 22:24,Full Stack Developer,2.6,23500,On Site,Full Time,Maadi ,Egyption
2/24/2024 22:43,Business Analyst,0,8000,On Site,Full Time,Cairo,Egyption
2/25/2024 0:03,Full Stack .NET Developer,3,98000,Remotley,Full Time,UK,Egyption
2/25/2024 0:12,Machine Learning Engineer,1,10000,On Site,Full Time,Cairo,Egyption
2/25/2024 0:50,System administrator,1,8000,On Site,Full Time,Cairo,Egyption
2/25/2024 1:16,Java developer,0,20000,On Site,Full Time,Cairo,Not Egyption but site in egypt
2/25/2024 1:40,Devops Engineer,0,15000,Hybird,Full Time,,Egyption
2/25/2024 6:31,Business Intelligence Specialist ,1,13700,On Site,Full Time,"Alexandria, Egypt",Egyption
2/25/2024 10:08,.NET Developer,2,13500,Remotley,Full Time,,Egyption
2/25/2024 11:21,PHP Developer,4,19000,On Site,Full Time,Cairo ,Egyption
2/25/2024 12:34,Flutter Developer,2,10000,On Site,Full Time,Mansora,Not Egyption but site in egypt
2/25/2024 12:43,Backed developer c sharp,3,12000,Remotley,Full Time,Cairo ,Egyption
2/25/2024 12:51,Frontend Developer,7,30000,Hybird,Full Time,Giza,Egyption
2/25/2024 13:26,.NET Developer,1,15000,Remotley,Full Time,Riyadh,Not Egyption and site out of egypt
2/25/2024 13:28,Web GIS developer,3,13800,Hybird,Full Time,Cairo,Egyption
2/25/2024 13:54,software engineer,2,16000,On Site,Full Time,Cairo,Egyption
2/25/2024 16:57,Customers services ,2,3100,On Site,Full Time,Cairo ,Not Egyption but site in egypt
2/25/2024 18:27,Flutter Developer,4,18000,On Site,Full Time,,Egyption
2/25/2024 19:03,software engineer,3,50000,Remotley,Full Time,Ryad,Not Egyption but site in egypt
2/25/2024 19:09,Backend Developer,0,5000,On Site,Full Time,Mansoura ,Egyption
2/25/2024 22:25,Frontend Developer - Angular,1,24500,Remotley,Full Time,,Not Egyption and site out of egypt
2/25/2024 23:27,.NET Developer,0,7000,Hybird,Full Time,Cairo,Egyption
2/25/2024 23:32,Frontend Developer,0,9000,Remotley,Full Time,,Egyption
2/26/2024 2:47,.NET Developer,1,8000,Remotley,Full Time,Bahrain,Egyption
2/26/2024 2:49,Data Engineer,3,44100,Remotley,Full Time,California,Not Egyption and site out of egypt
2/26/2024 3:33,.NET Developer,1,12000,On Site,Full Time,Cairo,Egyption
2/26/2024 4:31,Flutter Developer,1.5,8000,Remotley,Full Time,Tanta,Egyption
2/26/2024 6:37,SENIOR CYBER THREAT ANALYST ,22,578200,Remotley,Full Time,USD - EUROPE,Egyption
2/26/2024 7:11,PHP Developer,1,11000,Remotley,Full Time,Cairo,Egyption
2/26/2024 7:12,Frontend Developer,1,9000,On Site,Full Time,cairo,Egyption
2/26/2024 7:17,Data Engineer,3,25000,Hybird,Full Time,Cairo,Egyption
2/26/2024 8:27,Performance Analyst,0,11500,On Site,Full Time,smart village,Egyption
2/26/2024 9:04,Business analysis,0,5000,On Site,Full Time,Mansoura,Egyption
2/26/2024 9:11,Full Stack .NET Developer,0,11000,On Site,Full Time,Cairo,Egyption
2/26/2024 10:01,software engineer,3,28500,Hybird,Full Time,Cairo,Not Egyption but site in egypt
2/26/2024 10:07,Odoo Developer,1,17000,On Site,Full Time,5th settelment,Egyption
2/26/2024 10:33,Network Engineer,5,20000,Hybird,Full Time,Cairo,Not Egyption but site in egypt
2/26/2024 10:36,Full Stack Developer,2,23000,Hybird,Full Time,"Originally in Saudi Arabia, but has site on Cairo",Not Egyption but site in egypt
2/26/2024 10:45,Devops Engineer,0,49000,On Site,Full Time,Giza,Not Egyption but site in egypt
2/26/2024 11:08,Backend Developer,2,20000,Remotley,Full Time,cairo,Not Egyption but site in egypt
2/26/2024 11:14,Odoo Developer ,1,11000,On Site,Full Time,Cairo,Egyption
2/26/2024 11:28,Data annotation team leader ,6,32000,Hybird,Full Time,,Egyption
2/26/2024 11:32,Data Engineer,1,21000,Hybird,Full Time,Cairo,Not Egyption but site in egypt
2/26/2024 11:34,Data Scientist,1.5,13500,Hybird,Full Time,Giza,Egyption
2/26/2024 12:19,Business development manager ,6,15000,On Site,Full Time,Cairo,Egyption
2/26/2024 12:39,Data Engineer,0,17000,On Site,Full Time,Ejada,Not Egyption but site in egypt
2/26/2024 12:57,data analyst,4,30000,On Site,Full Time,Cairo,Not Egyption but site in egypt
2/26/2024 13:00,AI Engineer,1,19800,Hybird,Full Time,Cairo,Not Egyption but site in egypt
2/26/2024 13:00,Data Engineer,3,30000,On Site,Full Time,Cairo,Egyption
2/26/2024 13:03,Flutter Developer,2,19600,Remotley,Full Time,Iraq and Canada,Not Egyption and site out of egypt
2/26/2024 13:05,Data Scientist,4,80000,Remotley,Full Time,Cairo,Egyption
2/26/2024 13:15,.NET Developer,2,20000,Hybird,Full Time,Cairo,Egyption
2/26/2024 13:24,Junior Product owner,2,14000,On Site,Full Time,Cairo,Egyption
2/26/2024 13:27,Full Stack Developer,7,34300,Remotley,Full Time,Kuwait ,Not Egyption and site out of egypt
2/26/2024 13:34,Backend Developer - Java,4,55000,Hybird,Full Time,"Smart village, Cairo",Not Egyption but site in egypt
2/26/2024 14:07,Senior Professional Services Engineer,8,24000,Hybird,Full Time,"Texas, USA",Not Egyption but site in egypt
2/26/2024 14:48,Senior Software Development Engineer ,10,66150,Remotley,Full Time,cairo,Not Egyption but site in egypt
2/26/2024 15:05,Frontend Developer,6,110000,On Site,Full Time,Cairo,Egyption
2/26/2024 15:06,Senior SWE,5,147000,On Site,Full Time,Cairo,Not Egyption but site in egypt
2/26/2024 15:09,Frontend Developer,4,83000,Hybird,Full Time,cairo,Not Egyption but site in egypt
2/26/2024 16:48,Technical Support Engineer,1,13000,Hybird,Full Time,United States,Not Egyption but site in egypt
2/26/2024 16:50,Data Scientist,3,19000,Hybird,Full Time,cairo,Egyption
2/26/2024 16:51,.NET Developer,2,15000,On Site,Full Time,Cairo,Egyption
2/26/2024 17:19,Flutter Developer,3,98000,Remotley,Full Time,,Egyption
2/26/2024 17:23,Flutter Developer,2,37500,Remotley,Full Time,,Not Egyption but site in egypt
2/26/2024 17:25,Data Scientist,3,40000,Hybird,Full Time,cairo,Egyption
2/26/2024 17:33,software engineer,0,12000,Hybird,Full Time,Cairo,Egyption
2/26/2024 17:52,Frontend Developer,3,29400,Remotley,Full Time,Cairo,Not Egyption but site in egypt
2/26/2024 18:12,software engineer,4,45000,Remotley,Full Time,cairo,Not Egyption but site in egypt
2/26/2024 18:20,PHP Developer,2,16000,Remotley,Full Time,Riyadh ,Not Egyption and site out of egypt
2/26/2024 18:25,Business Developer,0,17150,Remotley,Part Time,Dubai,Not Egyption and site out of egypt
2/26/2024 18:32,Backend Developer,2,30000,Hybird,Full Time,Cairo ,Egyption
2/26/2024 18:34,Full Stack java Developer,1.5,8000,Hybird,Full Time,Mansoura,Egyption
2/26/2024 18:35,Senior Environmental Consultant,5,343000,On Site,Full Time,KSA,Not Egyption and site out of egypt
2/26/2024 18:50,Frontend Developer,3,68000,Hybird,Full Time,"Cairo, Nasr city",Egyption
2/26/2024 18:51,software testing,5,50000,Hybird,Full Time,"Cairo, Maadi",Not Egyption but site in egypt
2/26/2024 19:14,Structural Engineer,10,68600,Hybird,Full Time,North carolina USA,Not Egyption but site in egypt
2/26/2024 19:17,Frontend Developer,4,88200,On Site,Full Time,cairo,Not Egyption but site in egypt
2/26/2024 19:41,Senior software quality control engineer,5,29000,Hybird,Full Time,Giza,Egyption
2/26/2024 20:08,Frontend Developer,7,110000,On Site,Full Time,cairo,Not Egyption but site in egypt
2/26/2024 20:15,Data Engineer,0,25000,Hybird,Full Time,Cairo ,Egyption
2/26/2024 20:48,UI/UX designer,2,7000,Remotley,Full Time,Remotely,Egyption
2/26/2024 22:57,Frontend Developer,1,8000,On Site,Full Time,Aswan,Egyption
2/26/2024 23:24,software engineer,0,80000,On Site,Full Time,cairo,Egyption
2/26/2024 23:40,.NET Developer,6,392000,Remotley,Full Time,USA ,Egyption
2/26/2024 23:54,Algorithms Engineer,5,196000,Remotley,Full Time,Egypt,Not Egyption but site in egypt
2/27/2024 0:33,Java developer,1,12000,On Site,Full Time,cairo,Not Egyption but site in egypt
2/27/2024 0:56,BDR,2,13230,On Site,Full Time,Alexandria,Not Egyption but site in egypt
2/27/2024 8:09,Performance Analyst,2,21000,Hybird,Full Time,Giza,Egyption
2/27/2024 8:19,UI/UX designer,2,8000,On Site,Full Time,cairo,Egyption
2/27/2024 8:43,Flutter Developer,2,15000,On Site,Full Time,Cairo,Not Egyption but site in egypt
2/27/2024 9:04,Unreal Engine dev,5,98000,Remotley,Full Time,"US, New York ",Not Egyption and site out of egypt
2/27/2024 9:30,Flutter Developer,1,5000,On Site,Full Time,Mansoura/dakahlia,Egyption
2/27/2024 9:32,PHP Developer,3,15000,On Site,Full Time,Mansoura,Egyption
2/27/2024 9:47,software engineer,6,143000,Remotley,Full Time,Hong Kong,Egyption
2/27/2024 9:47,Customer service officer ,1,4500,On Site,Full Time,cairo,Egyption
2/27/2024 9:55,RPA Developer ,0,12000,Remotley,Full Time,Smart Village ,Egyption
2/27/2024 10:33,Frontend Developer,4,58800,Remotley,Full Time,Dubai,Not Egyption and site out of egypt
2/27/2024 10:43,Full Stack .NET Developer,6,52000,Hybird,Full Time,Cairo,Not Egyption but site in egypt
2/27/2024 11:43,Flutter Developer,1,8000,On Site,Full Time,,Egyption
2/27/2024 12:54,Machine Learning Engineer,0,19600,Remotley,Full Time,USA,Not Egyption and site out of egypt
2/27/2024 13:04,PHP Developer,0,9500,Hybird,Part Time,"5th Settlement, new cairo",Egyption
2/27/2024 13:48,AI Engineer,1,12000,Hybird,Full Time,Giza,Egyption
2/27/2024 13:54,Frontend Developer - Angular,2,23000,Hybird,Full Time,Cairo ,Egyption
2/27/2024 14:12,Supply chain analyst ,1.5,8240,On Site,Full Time,Cairo,Egyption
2/27/2024 14:15,Supply chain lead,15,35000,On Site,Full Time,Cairo,Not Egyption but site in egypt
2/27/2024 14:17,data analyst,1,8500,On Site,Full Time,New Cairo-Cairo,Not Egyption but site in egypt
2/27/2024 14:18,IT Security Engineer ,1,20000,On Site,Full Time,Cairo,Egyption
2/27/2024 14:39,data analyst,1.5,8500,On Site,Full Time,Mansoura,Egyption
2/27/2024 14:40,data analyst,0,8000,On Site,Full Time,Cairo,Egyption
2/27/2024 14:40,Social media analyst/Researcher ,1,16000,On Site,Full Time,Cairo ,Not Egyption but site in egypt
2/27/2024 14:43,Crm developer,5,50000,Remotley,Full Time,Cairo,Not Egyption but site in egypt
2/27/2024 14:47,software testing,5,18000,On Site,Full Time,Cairo,Egyption
2/27/2024 14:52,Warehouse Supervisor ,5,13500,On Site,Full Time,Cairo ,Egyption
2/27/2024 15:12,data analyst,1,7500,Remotley,Full Time,"Cairo , elrehab ",Not Egyption but site in egypt
2/27/2024 15:32,data analyst,2,5000,Remotley,Full Time,Cairo,Egyption
2/27/2024 15:38,data analyst,2,10000,On Site,Full Time,Sharkia,Egyption
2/27/2024 15:51,BI Developer,2,16000,Hybird,Full Time,Giza,Egyption
2/27/2024 15:51,Customer Service Representative ,7,7000,On Site,Full Time,Cairo ,Egyption
2/27/2024 15:54,Senior Business intelligence Engineer,4,37000,Hybird,Full Time,United Kingdom ,Not Egyption but site in egypt
2/27/2024 16:09,Senior Application Engineer,10,65000,Hybird,Full Time,Maadi - Egypt,Egyption
2/27/2024 16:15,Service desk agent,1,14000,Hybird,Full Time,Cairo,Egyption
2/27/2024 16:29,NLP Engineer,1,16000,Hybird,Full Time,cairo,Egyption
2/27/2024 17:25,Full Stack .NET Developer,2,54000,Remotley,Full Time,Canada,Not Egyption and site out of egypt
2/27/2024 19:02,Java developer,1,14000,Hybird,Full Time,Cairo,Not Egyption but site in egypt
2/27/2024 19:16,Odoo implementer,1,15000,On Site,Full Time,Cairo,Egyption
2/27/2024 19:29,Business consultant ,5,25000,On Site,Full Time,Cairo,Not Egyption but site in egypt
2/27/2024 19:42,Flutter Developer,1,5000,Hybird,Full Time,Mansoura ,Egyption
2/27/2024 20:22,Full Stack Developer,8,7000,Remotley,Full Time,Alex + Cairo,Egyption
2/27/2024 20:23,System Administrator,2,5000,Remotley,Full Time,Cairo,Egyption
2/27/2024 20:53,Data Scientist,3,73500,Remotley,Full Time,"NC, USA",Not Egyption and site out of egypt
2/27/2024 21:13,Frontend Developer,2.5,35000,Hybird,Full Time,Cairo,Egyption
2/27/2024 21:34,Full Stack Developer,0,8000,Hybird,Full Time,Mansaura,Egyption
2/27/2024 21:34,BI Developer,2,10000,On Site,Full Time,,Not Egyption but site in egypt
2/27/2024 21:36,Full Stack Python Developer,1,8000,Remotley,Full Time,Cairo,Egyption
2/27/2024 23:22,Odoo,0,10000,Hybird,Full Time,,Egyption
2/27/2024 23:32,Frontend Developer - React,0.5,8000,On Site,Part Time,Alexandria,Egyption
2/27/2024 23:51,Full Stack java Developer,0.5,12000,Remotley,Full Time,,Egyption
2/28/2024 1:20,data analyst,2,10000,On Site,Full Time,Cairo,Egyption
2/28/2024 2:08,PHP Developer,3,17000,On Site,Full Time,Cairo,Egyption
2/28/2024 5:50,Java developer,0,12000,On Site,Full Time,cairo,Egyption
2/28/2024 6:33,AI Engineer,0,17000,On Site,Full Time,Cairo,Not Egyption but site in egypt
2/28/2024 7:08,Devops Engineer,2,7000,On Site,Full Time,Giza,Egyption
2/28/2024 7:46,.NET Developer,0,32000,Hybird,Full Time,Cairo ,Egyption
2/28/2024 8:24,Django developer ,4,45000,Hybird,Full Time,Cairo,Egyption
2/28/2024 9:25,data analyst,2,10700,On Site,Full Time,Giza,Egyption
2/28/2024 9:30,Devops Engineer,1,17000,Remotley,Full Time,Cairo ,Egyption
2/28/2024 9:39,Siebel CRM developer ,1,14500,On Site,Full Time,Cairo,Egyption
2/28/2024 9:54,Wordpress developer,4,14000,Hybird,Full Time,Cairo,Egyption
2/28/2024 10:32,Cyber security engineer ,1,39200,Remotley,Full Time,Dubai,Not Egyption and site out of egypt
2/28/2024 10:34,Flutter Developer,1,19600,Remotley,Full Time,,Not Egyption and site out of egypt
2/28/2024 11:43,Python Developer,1,20000,Remotley,Full Time,London ,Not Egyption but site in egypt
2/28/2024 11:54,Frontend Developer,1,8000,Remotley,Full Time,Saudi ,Not Egyption but site in egypt
2/28/2024 12:14,laravel developer,2,8000,On Site,Full Time,cairo,Egyption
2/28/2024 13:33,Full Stack node Developer,2,16000,Remotley,Full Time,Cairo,Egyption
2/28/2024 14:04,Backend Developer,1,12000,Remotley,Full Time,,Egyption
2/28/2024 15:32,Data Engineer,0,12000,Hybird,Full Time,Cairo,Egyption
2/28/2024 16:16,Full Stack .NET Developer,0,8000,Hybird,Part Time,Cairo,Egyption
2/28/2024 17:55,Software Development team leader,7,80000,Hybird,Full Time,Cairo,Egyption
2/28/2024 18:44,software engineer,14,200000,Hybird,Full Time,Poznan,Not Egyption and site out of egypt
2/28/2024 19:26,Frontend Developer,2.5,6000,Remotley,Full Time,canada,Not Egyption and site out of egypt
2/28/2024 19:31,software engineer,3,20000,Hybird,Full Time,Cairo,Not Egyption but site in egypt
2/28/2024 20:20,Frontend Developer,3,58800,Remotley,Full Time,California/Cairo,Not Egyption but site in egypt
2/28/2024 23:57,Software support engineer ,3,8000,Hybird,Full Time,Cairo ,Egyption
2/29/2024 0:25,software testing,1,20000,Remotley,Full Time,Giza,Egyption
2/29/2024 1:35,software engineer,2,40000,Hybird,Full Time,Cairo,Egyption
2/29/2024 3:23,Flutter Developer,7,40000,Remotley,Full Time,"Egypt, dubai",Egyption
2/29/2024 5:37,Devops Engineer,1,23900,Hybird,Full Time,cairo,Not Egyption but site in egypt
2/29/2024 7:55,Business developer ,0,5000,On Site,Full Time,Cairo,Egyption
2/29/2024 8:19,Manufacturing manager ,7,50000,On Site,Full Time,Cairo,Not Egyption but site in egypt
2/29/2024 8:29,.NET Developer,4,30000,Hybird,Full Time,Cairo ,Egyption
2/29/2024 8:59,Android Developer,4,20000,Hybird,Full Time,,Egyption
2/29/2024 10:03,.NET Developer,1,16000,On Site,Full Time,Cairo,Egyption
2/29/2024 10:55,Frontend Developer,1,8000,Remotley,Full Time,Cairo,Egyption
2/29/2024 11:26,.NET Developer,6.5,37500,On Site,Full Time,Alexandria,Egyption
2/29/2024 11:42,Full Stack Developer,3,23500,Remotley,Full Time,Cairo - California,Not Egyption but site in egypt
2/29/2024 11:59,Associate SW Development Consultant,0,16000,Hybird,Full Time,cairo,Egyption
2/29/2024 13:26,PHP Developer,5,25000,Remotley,Full Time,Dubai,Egyption
2/29/2024 15:24,.NET Developer,1.5,27000,Hybird,Full Time,Cairo,Egyption
2/29/2024 15:25,Frontend Developer,1.5,22000,Hybird,Full Time,Cairo,Egyption
2/29/2024 15:42,data analyst,2,15000,Hybird,Full Time,Giza,Not Egyption but site in egypt
2/29/2024 18:30,Full Stack .NET Developer,1,12000,Remotley,Full Time,Cairo,Egyption
2/29/2024 20:14,Business Intelligence Developer,1,20000,Hybird,Full Time,Cairo,Egyption
2/29/2024 22:48,software engineer,1.5,18000,Hybird,Full Time,Cairo,Egyption
2/29/2024 23:22,software testing,1,24000,Hybird,Full Time,cairo,Not Egyption but site in egypt
3/1/2024 1:32,.NET Developer,3,30000,Hybird,Full Time,Cairo,Egyption
3/1/2024 9:01,UI/UX designer,4,20000,Remotley,Full Time,,Not Egyption and site out of egypt
3/1/2024 10:10,Internal control ,0,10000,On Site,Full Time,Cairo,Egyption
3/1/2024 10:10,IT support,18,20000,Hybird,Full Time,Cairo,Egyption
3/1/2024 12:29,Integration developer ,0,13500,On Site,Full Time,Assiut,Not Egyption but site in egypt
3/1/2024 13:03,Technical support team lead,9,73500,Remotley,Full Time,"Washington DC, and Cairo",Not Egyption and site out of egypt
3/1/2024 13:44,Quality control and automation engineer ,2,22400,Hybird,Full Time,Cairo,Egyption
3/1/2024 17:02,Flutter Developer,1,14000,Hybird,Full Time,Cairo,Egyption
3/1/2024 19:00,data analyst,3,10000,On Site,Full Time,Cairo,Egyption
3/1/2024 20:32,Android Developer,2,29400,Remotley,Full Time,Giza,Not Egyption but site in egypt
3/1/2024 23:06,Senior Application Support Engineer,5.5,27000,Hybird,Full Time,"Cairo, Smart village ",Egyption
3/2/2024 0:26,software engineer,9,337500,On Site,Full Time,Riyadh ,Not Egyption and site out of egypt
3/2/2024 0:39,Devops Engineer,1,25000,Hybird,Full Time,Cairo,Egyption
3/2/2024 3:10,Frontend Developer,1.5,18000,Hybird,Full Time,Cairo ,Egyption
3/2/2024 10:10,Android Developer,2,30000,Hybird,Full Time,Alexanderia ,Egyption
3/6/2024 22:20,Data Scientist,1,32000,Hybird,Full Time,Giza,Egyption
3/6/2024 22:42,Frontend Developer - Angular,1,25000,Remotley,Full Time,Cairo,Egyption
3/7/2024 3:39,software engineer,1,26000,Hybird,Full Time,Cairo,Not Egyption but site in egypt
3/7/2024 9:28,Java developer,5,55000,Hybird,Full Time,Cairo ,Egyption
3/7/2024 9:30,Java developer,1,15000,Hybird,Full Time,Cairo,Egyption
3/7/2024 9:31,Flutter Developer,4,98000,Hybird,Full Time,Dubai & cairo,Not Egyption but site in egypt
3/7/2024 10:04,software engineer,4,45000,Remotley,Full Time,Cairo,Egyption
3/7/2024 12:25,Embedded SW Engineer ,0,10000,On Site,Full Time,cairo,Egyption
3/7/2024 12:52,PHP Developer,1,10000,Remotley,Full Time,Cairo,Egyption
3/7/2024 18:03,C++ Developer,0,4000,Hybird,Part Time,"Cairo, Egypt",Not Egyption but site in egypt
3/8/2024 15:47,MERN develeoper,3,20000,On Site,Full Time,Cairo,Not Egyption but site in egypt
3/8/2024 18:36,Senior Cyber Security Engineer,4,75600,Remotley,Full Time,Dubai,Not Egyption and site out of egypt
10:10:49 ص 2024/03/02,Devops Engineer,1,29000,Hybird,Full Time,cairo,Egyption
